WARNING: A terminally deprecated method in sun.misc.Unsafe has been called
WARNING: sun.misc.Unsafe::staticFieldBase has been called by com.google.inject.internal.aop.HiddenClassDefiner (file:/C:/Program%20Files/apache-maven-3.9.11/lib/guice-5.1.0-classes.jar)
WARNING: Please consider reporting this to the maintainers of class com.google.inject.internal.aop.HiddenClassDefiner
WARNING: sun.misc.Unsafe::staticFieldBase will be removed in a future release
Standard Commons Logging discovery in action with spring-jcl: please remove commons-logging.jar from classpath in order to avoid potential conflicts

  .   ____          _            __ _ _
 /\\ / ___'_ __ _ _(_)_ __  __ _ \ \ \ \
( ( )\___ | '_ | '_| | '_ \/ _` | \ \ \ \
 \\/  ___)| |_)| | | | | || (_| |  ) ) ) )
  '  |____| .__|_| |_|_| |_\__, | / / / /
 =========|_|==============|___/=/_/_/_/
 :: Spring Boot ::                (v3.2.5)

2026-09-08T18:05:29.106+05:30  INFO 18364 --- [eureka-server] [           main] com.erp.eureka.EurekaServerApplication   : Starting EurekaServerApplication using Java 25.0.2 with PID 18364 (D:\erp-financial-services\eureka-server\target\classes started by Admin in D:\erp-financial-services\eureka-server)
2026-09-08T18:05:29.109+05:30  INFO 18364 --- [eureka-server] [           main] com.erp.eureka.EurekaServerApplication   : No active profile set, falling back to 1 default profile: "default"
2026-09-08T18:05:30.096+05:30  INFO 18364 --- [eureka-server] [           main] o.s.cloud.context.scope.GenericScope     : BeanFactory id=8f3ec10f-59cd-397d-82f3-7da97306a40e
2026-09-08T18:05:30.158+05:30  WARN 18364 --- [eureka-server] [           main] trationDelegate$BeanPostProcessorChecker : Bean 'org.springframework.cloud.client.loadbalancer.LoadBalancerAutoConfiguration$DeferringLoadBalancerInterceptorConfig' of type [org.springframework.cloud.client.loadbalancer.LoadBalancerAutoConfiguration$DeferringLoadBalancerInterceptorConfig] is not eligible for getting processed by all BeanPostProcessors (for example: not eligible for auto-proxying). The currently created BeanPostProcessor [lbRestClientPostProcessor] is declared through a non-static factory method on that class; consider declaring it as static instead.
2026-09-08T18:05:30.161+05:30  WARN 18364 --- [eureka-server] [           main] trationDelegate$BeanPostProcessorChecker : Bean 'deferringLoadBalancerInterceptor' of type [org.springframework.cloud.client.loadbalancer.DeferringLoadBalancerInterceptor] is not eligible for getting processed by all BeanPostProcessors (for example: not eligible for auto-proxying). Is this bean getting eagerly injected into a currently created BeanPostProcessor [lbRestClientPostProcessor]? Check the corresponding BeanPostProcessor declaration and its dependencies.
WARNING: A restricted method in java.lang.System has been called
WARNING: java.lang.System::load has been called by org.apache.tomcat.jni.Library in an unnamed module (file:/D:/caches/m2-repository/org/apache/tomcat/embed/tomcat-embed-core/10.1.20/tomcat-embed-core-10.1.20.jar)
WARNING: Use --enable-native-access=ALL-UNNAMED to avoid a warning for callers in this module
WARNING: Restricted methods will be blocked in a future release unless native access is enabled

2026-09-08T18:05:30.443+05:30  INFO 18364 --- [eureka-server] [           main] o.s.b.w.embedded.tomcat.TomcatWebServer  : Tomcat initialized with port 8761 (http)
2026-09-08T18:05:30.456+05:30  INFO 18364 --- [eureka-server] [           main] o.apache.catalina.core.StandardService   : Starting service [Tomcat]
2026-09-08T18:05:30.456+05:30  INFO 18364 --- [eureka-server] [           main] o.apache.catalina.core.StandardEngine    : Starting Servlet engine: [Apache Tomcat/10.1.20]
2026-09-08T18:05:30.566+05:30  INFO 18364 --- [eureka-server] [           main] o.a.c.c.C.[Tomcat].[localhost].[/]       : Initializing Spring embedded WebApplicationContext
2026-09-08T18:05:30.566+05:30  INFO 18364 --- [eureka-server] [           main] w.s.c.ServletWebServerApplicationContext : Root WebApplicationContext: initialization completed in 1396 ms
Standard Commons Logging discovery in action with spring-jcl: please remove commons-logging.jar from classpath in order to avoid potential conflicts
2026-09-08T18:05:31.421+05:30  INFO 18364 --- [eureka-server] [           main] c.n.d.provider.DiscoveryJerseyProvider   : Using JSON encoding codec LegacyJacksonJson
2026-09-08T18:05:31.422+05:30  INFO 18364 --- [eureka-server] [           main] c.n.d.provider.DiscoveryJerseyProvider   : Using JSON decoding codec LegacyJacksonJson
WARNING: A terminally deprecated method in sun.misc.Unsafe has been called
WARNING: sun.misc.Unsafe::objectFieldOffset has been called by com.thoughtworks.xstream.converters.reflection.SunUnsafeReflectionProvider (file:/D:/caches/m2-repository/com/thoughtworks/xstream/xstream/1.4.19/xstream-1.4.19.jar)
WARNING: Please consider reporting this to the maintainers of class com.thoughtworks.xstream.converters.reflection.SunUnsafeReflectionProvider
WARNING: sun.misc.Unsafe::objectFieldOffset will be removed in a future release
2026-09-08T18:05:31.670+05:30  INFO 18364 --- [eureka-server] [           main] c.n.d.provider.DiscoveryJerseyProvider   : Using XML encoding codec XStreamXml
2026-09-08T18:05:31.670+05:30  INFO 18364 --- [eureka-server] [           main] c.n.d.provider.DiscoveryJerseyProvider   : Using XML decoding codec XStreamXml
2026-09-08T18:05:32.425+05:30  WARN 18364 --- [eureka-server] [           main] iguration$LoadBalancerCaffeineWarnLogger : Spring Cloud LoadBalancer is currently working with the default cache. While this cache implementation is useful for development and tests, it's recommended to use Caffeine cache in production.You can switch to using Caffeine cache, by adding it and org.springframework.cache.caffeine.CaffeineCacheManager to the classpath.
2026-09-08T18:05:32.445+05:30  INFO 18364 --- [eureka-server] [           main] o.s.c.n.eureka.InstanceInfoFactory       : Setting initial instance status as: STARTING
2026-09-08T18:05:32.466+05:30  INFO 18364 --- [eureka-server] [           main] com.netflix.discovery.DiscoveryClient    : Initializing Eureka in region us-east-1
2026-09-08T18:05:32.467+05:30  INFO 18364 --- [eureka-server] [           main] com.netflix.discovery.DiscoveryClient    : Client configured to neither register nor query for data.
2026-09-08T18:05:32.473+05:30  INFO 18364 --- [eureka-server] [           main] com.netflix.discovery.DiscoveryClient    : Discovery Client initialized at timestamp 1788870932471 with initial instances count: 0
2026-09-08T18:05:32.517+05:30  INFO 18364 --- [eureka-server] [           main] c.n.eureka.DefaultEurekaServerContext    : Initializing ...
2026-09-08T18:05:32.520+05:30  WARN 18364 --- [eureka-server] [           main] c.n.eureka.cluster.PeerEurekaNodes       : The replica size seems to be empty. Check the route 53 DNS Registry
2026-09-08T18:05:32.671+05:30  INFO 18364 --- [eureka-server] [           main] c.n.e.registry.AbstractInstanceRegistry  : Finished initializing remote region registries. All known remote regions: []
2026-09-08T18:05:32.672+05:30  INFO 18364 --- [eureka-server] [           main] c.n.eureka.DefaultEurekaServerContext    : Initialized
2026-09-08T18:05:32.685+05:30  INFO 18364 --- [eureka-server] [           main] o.s.b.a.e.web.EndpointLinksResolver      : Exposing 1 endpoint(s) beneath base path '/actuator'
2026-09-08T18:05:32.743+05:30  INFO 18364 --- [eureka-server] [           main] o.s.c.n.e.s.EurekaServiceRegistry        : Registering application EUREKA-SERVER with eureka with status UP
2026-09-08T18:05:32.756+05:30  INFO 18364 --- [eureka-server] [       Thread-9] o.s.c.n.e.server.EurekaServerBootstrap   : isAws returned false
2026-09-08T18:05:32.756+05:30  INFO 18364 --- [eureka-server] [       Thread-9] o.s.c.n.e.server.EurekaServerBootstrap   : Initialized server context
2026-09-08T18:05:32.756+05:30  INFO 18364 --- [eureka-server] [       Thread-9] c.n.e.r.PeerAwareInstanceRegistryImpl    : Got 1 instances from neighboring DS node
2026-09-08T18:05:32.756+05:30  INFO 18364 --- [eureka-server] [       Thread-9] c.n.e.r.PeerAwareInstanceRegistryImpl    : Renew threshold is: 1
2026-09-08T18:05:32.756+05:30  INFO 18364 --- [eureka-server] [       Thread-9] c.n.e.r.PeerAwareInstanceRegistryImpl    : Changing status to UP
2026-09-08T18:05:32.772+05:30  INFO 18364 --- [eureka-server] [       Thread-9] e.s.EurekaServerInitializerConfiguration : Started Eureka Server
2026-09-08T18:05:32.782+05:30  INFO 18364 --- [eureka-server] [           main] o.s.b.w.embedded.tomcat.TomcatWebServer  : Tomcat started on port 8761 (http) with context path ''
2026-09-08T18:05:32.783+05:30  INFO 18364 --- [eureka-server] [           main] .s.c.n.e.s.EurekaAutoServiceRegistration : Updating port to 8761
2026-09-08T18:05:32.806+05:30  INFO 18364 --- [eureka-server] [           main] com.erp.eureka.EurekaServerApplication   : Started EurekaServerApplication in 4.207 seconds (process running for 4.62)
2026-09-08T18:05:32.832+05:30  INFO 18364 --- [eureka-server] [nio-8761-exec-1] o.a.c.c.C.[Tomcat].[localhost].[/]       : Initializing Spring DispatcherServlet 'dispatcherServlet'
2026-09-08T18:05:32.832+05:30  INFO 18364 --- [eureka-server] [nio-8761-exec-1] o.s.web.servlet.DispatcherServlet        : Initializing Servlet 'dispatcherServlet'
2026-09-08T18:05:32.833+05:30  INFO 18364 --- [eureka-server] [nio-8761-exec-1] o.s.web.servlet.DispatcherServlet        : Completed initialization in 1 ms
2026-09-08T18:05:45.368+05:30  INFO 18364 --- [eureka-server] [nio-8761-exec-5] c.n.e.registry.AbstractInstanceRegistry  : Registered instance CONFIG-SERVER/DESKTOP-TBQ83EI.mshome.net:config-server:8888 with status UP (replication=false)
2026-09-08T18:06:11.686+05:30  INFO 18364 --- [eureka-server] [io-8761-exec-10] c.n.e.registry.AbstractInstanceRegistry  : Registered instance API-GATEWAY/DESKTOP-TBQ83EI.mshome.net:api-gateway:8080 with status UP (replication=false)
2026-09-08T18:06:32.757+05:30  INFO 18364 --- [eureka-server] [a-EvictionTimer] c.n.e.registry.AbstractInstanceRegistry  : Running the evict task with compensationTime 0ms
2026-09-08T18:07:32.757+05:30  INFO 18364 --- [eureka-server] [a-EvictionTimer] c.n.e.registry.AbstractInstanceRegistry  : Running the evict task with compensationTime 0ms
2026-09-08T18:08:32.758+05:30  INFO 18364 --- [eureka-server] [a-EvictionTimer] c.n.e.registry.AbstractInstanceRegistry  : Running the evict task with compensationTime 0ms
2026-09-08T18:09:32.758+05:30  INFO 18364 --- [eureka-server] [a-EvictionTimer] c.n.e.registry.AbstractInstanceRegistry  : Running the evict task with compensationTime 0ms
2026-09-08T18:10:32.759+05:30  INFO 18364 --- [eureka-server] [a-EvictionTimer] c.n.e.registry.AbstractInstanceRegistry  : Running the evict task with compensationTime 0ms
2026-09-08T18:11:32.759+05:30  INFO 18364 --- [eureka-server] [a-EvictionTimer] c.n.e.registry.AbstractInstanceRegistry  : Running the evict task with compensationTime 0ms
2026-09-08T18:12:32.760+05:30  INFO 18364 --- [eureka-server] [a-EvictionTimer] c.n.e.registry.AbstractInstanceRegistry  : Running the evict task with compensationTime 0ms
2026-09-08T18:13:32.785+05:30  INFO 18364 --- [eureka-server] [a-EvictionTimer] c.n.e.registry.AbstractInstanceRegistry  : Running the evict task with compensationTime 26ms
2026-09-08T18:13:42.714+05:30  INFO 18364 --- [eureka-server] [nio-8761-exec-9] c.n.e.registry.AbstractInstanceRegistry  : Registered instance ACCOUNT-SERVICE/DESKTOP-TBQ83EI.mshome.net:ACCOUNT-SERVICE:8082 with status UP (replication=false)
2026-09-08T18:13:46.686+05:30  INFO 18364 --- [eureka-server] [nio-8761-exec-2] c.n.e.registry.AbstractInstanceRegistry  : Registered instance BUDGET-SERVICE/DESKTOP-TBQ83EI.mshome.net:BUDGET-SERVICE:8083 with status UP (replication=false)
2026-09-08T18:13:48.241+05:30  INFO 18364 --- [eureka-server] [nio-8761-exec-4] c.n.e.registry.AbstractInstanceRegistry  : Registered instance TRANSACTION-SERVICE/DESKTOP-TBQ83EI.mshome.net:TRANSACTION-SERVICE:8084 with status UP (replication=false)
2026-09-08T18:13:49.253+05:30  INFO 18364 --- [eureka-server] [nio-8761-exec-7] c.n.e.registry.AbstractInstanceRegistry  : Registered instance USER-SERVICE/DESKTOP-TBQ83EI.mshome.net:USER-SERVICE:8081 with status UP (replication=false)
2026-09-08T18:13:51.241+05:30  INFO 18364 --- [eureka-server] [nio-8761-exec-9] c.n.e.registry.AbstractInstanceRegistry  : Registered instance NOTIFICATION-SERVICE/DESKTOP-TBQ83EI.mshome.net:NOTIFICATION-SERVICE:8085 with status UP (replication=false)
2026-09-08T18:14:32.786+05:30  INFO 18364 --- [eureka-server] [a-EvictionTimer] c.n.e.registry.AbstractInstanceRegistry  : Running the evict task with compensationTime 0ms
2026-09-08T18:15:32.521+05:30  WARN 18364 --- [eureka-server] [eerNodesUpdater] c.n.eureka.cluster.PeerEurekaNodes       : The replica size seems to be empty. Check the route 53 DNS Registry
2026-09-08T18:15:32.786+05:30  INFO 18364 --- [eureka-server] [a-EvictionTimer] c.n.e.registry.AbstractInstanceRegistry  : Running the evict task with compensationTime 0ms
2026-09-08T18:16:32.787+05:30  INFO 18364 --- [eureka-server] [a-EvictionTimer] c.n.e.registry.AbstractInstanceRegistry  : Running the evict task with compensationTime 0ms
2026-09-08T18:17:32.787+05:30  INFO 18364 --- [eureka-server] [a-EvictionTimer] c.n.e.registry.AbstractInstanceRegistry  : Running the evict task with compensationTime 0ms
2026-09-08T18:18:32.787+05:30  INFO 18364 --- [eureka-server] [a-EvictionTimer] c.n.e.registry.AbstractInstanceRegistry  : Running the evict task with compensationTime 0ms
2026-09-08T18:19:32.788+05:30  INFO 18364 --- [eureka-server] [a-EvictionTimer] c.n.e.registry.AbstractInstanceRegistry  : Running the evict task with compensationTime 0ms
2026-09-08T18:20:32.672+05:30  INFO 18364 --- [eureka-server] [hresholdUpdater] c.n.e.r.PeerAwareInstanceRegistryImpl    : Current renewal threshold is : 13
2026-09-08T18:20:32.788+05:30  INFO 18364 --- [eureka-server] [a-EvictionTimer] c.n.e.registry.AbstractInstanceRegistry  : Running the evict task with compensationTime 0ms
2026-09-08T18:21:32.789+05:30  INFO 18364 --- [eureka-server] [a-EvictionTimer] c.n.e.registry.AbstractInstanceRegistry  : Running the evict task with compensationTime 0ms
2026-09-08T18:22:32.789+05:30  INFO 18364 --- [eureka-server] [a-EvictionTimer] c.n.e.registry.AbstractInstanceRegistry  : Running the evict task with compensationTime 0ms
2026-09-08T18:23:32.790+05:30  INFO 18364 --- [eureka-server] [a-EvictionTimer] c.n.e.registry.AbstractInstanceRegistry  : Running the evict task with compensationTime 0ms
2026-09-08T18:24:32.790+05:30  INFO 18364 --- [eureka-server] [a-EvictionTimer] c.n.e.registry.AbstractInstanceRegistry  : Running the evict task with compensationTime 0ms
2026-09-08T18:25:32.524+05:30  WARN 18364 --- [eureka-server] [eerNodesUpdater] c.n.eureka.cluster.PeerEurekaNodes       : The replica size seems to be empty. Check the route 53 DNS Registry
2026-09-08T18:25:32.791+05:30  INFO 18364 --- [eureka-server] [a-EvictionTimer] c.n.e.registry.AbstractInstanceRegistry  : Running the evict task with compensationTime 0ms
2026-09-08T18:26:32.791+05:30  INFO 18364 --- [eureka-server] [a-EvictionTimer] c.n.e.registry.AbstractInstanceRegistry  : Running the evict task with compensationTime 0ms
2026-09-08T18:27:32.791+05:30  INFO 18364 --- [eureka-server] [a-EvictionTimer] c.n.e.registry.AbstractInstanceRegistry  : Running the evict task with compensationTime 0ms
2026-09-08T18:28:32.792+05:30  INFO 18364 --- [eureka-server] [a-EvictionTimer] c.n.e.registry.AbstractInstanceRegistry  : Running the evict task with compensationTime 0ms
2026-09-08T18:29:32.792+05:30  INFO 18364 --- [eureka-server] [a-EvictionTimer] c.n.e.registry.AbstractInstanceRegistry  : Running the evict task with compensationTime 0ms
2026-09-08T18:30:32.793+05:30  INFO 18364 --- [eureka-server] [a-EvictionTimer] c.n.e.registry.AbstractInstanceRegistry  : Running the evict task with compensationTime 0ms
2026-09-08T18:31:32.798+05:30  INFO 18364 --- [eureka-server] [a-EvictionTimer] c.n.e.registry.AbstractInstanceRegistry  : Running the evict task with compensationTime 4ms
2026-09-08T18:32:32.798+05:30  INFO 18364 --- [eureka-server] [a-EvictionTimer] c.n.e.registry.AbstractInstanceRegistry  : Running the evict task with compensationTime 0ms
2026-09-08T18:33:32.813+05:30  INFO 18364 --- [eureka-server] [a-EvictionTimer] c.n.e.registry.AbstractInstanceRegistry  : Running the evict task with compensationTime 15ms
2026-09-08T18:33:40.234+05:30  INFO 18364 --- [eureka-server] [io-8761-exec-10] c.n.e.registry.AbstractInstanceRegistry  : Registered instance BUDGET-SERVICE/DESKTOP-TBQ83EI.mshome.net:BUDGET-SERVICE:8083 with status UP (replication=false)
2026-09-08T18:34:32.814+05:30  INFO 18364 --- [eureka-server] [a-EvictionTimer] c.n.e.registry.AbstractInstanceRegistry  : Running the evict task with compensationTime 0ms
2026-09-08T18:35:32.537+05:30  WARN 18364 --- [eureka-server] [eerNodesUpdater] c.n.eureka.cluster.PeerEurekaNodes       : The replica size seems to be empty. Check the route 53 DNS Registry
2026-09-08T18:35:32.673+05:30  INFO 18364 --- [eureka-server] [hresholdUpdater] c.n.e.r.PeerAwareInstanceRegistryImpl    : Current renewal threshold is : 13
2026-09-08T18:35:32.815+05:30  INFO 18364 --- [eureka-server] [a-EvictionTimer] c.n.e.registry.AbstractInstanceRegistry  : Running the evict task with compensationTime 1ms
2026-09-08T18:36:32.822+05:30  INFO 18364 --- [eureka-server] [a-EvictionTimer] c.n.e.registry.AbstractInstanceRegistry  : Running the evict task with compensationTime 6ms
2026-09-08T18:37:32.827+05:30  INFO 18364 --- [eureka-server] [a-EvictionTimer] c.n.e.registry.AbstractInstanceRegistry  : Running the evict task with compensationTime 5ms
2026-09-08T18:38:32.831+05:30  INFO 18364 --- [eureka-server] [a-EvictionTimer] c.n.e.registry.AbstractInstanceRegistry  : Running the evict task with compensationTime 3ms
2026-09-08T18:39:32.843+05:30  INFO 18364 --- [eureka-server] [a-EvictionTimer] c.n.e.registry.AbstractInstanceRegistry  : Running the evict task with compensationTime 11ms
2026-09-08T18:40:32.845+05:30  INFO 18364 --- [eureka-server] [a-EvictionTimer] c.n.e.registry.AbstractInstanceRegistry  : Running the evict task with compensationTime 2ms
2026-09-08T18:41:32.850+05:30  INFO 18364 --- [eureka-server] [a-EvictionTimer] c.n.e.registry.AbstractInstanceRegistry  : Running the evict task with compensationTime 4ms
2026-09-08T18:42:32.864+05:30  INFO 18364 --- [eureka-server] [a-EvictionTimer] c.n.e.registry.AbstractInstanceRegistry  : Running the evict task with compensationTime 14ms
2026-09-08T18:43:32.868+05:30  INFO 18364 --- [eureka-server] [a-EvictionTimer] c.n.e.registry.AbstractInstanceRegistry  : Running the evict task with compensationTime 3ms
2026-09-08T18:44:32.874+05:30  INFO 18364 --- [eureka-server] [a-EvictionTimer] c.n.e.registry.AbstractInstanceRegistry  : Running the evict task with compensationTime 5ms
2026-09-08T18:45:32.549+05:30  WARN 18364 --- [eureka-server] [eerNodesUpdater] c.n.eureka.cluster.PeerEurekaNodes       : The replica size seems to be empty. Check the route 53 DNS Registry
2026-09-08T18:45:32.875+05:30  INFO 18364 --- [eureka-server] [a-EvictionTimer] c.n.e.registry.AbstractInstanceRegistry  : Running the evict task with compensationTime 1ms
2026-09-08T18:46:32.882+05:30  INFO 18364 --- [eureka-server] [a-EvictionTimer] c.n.e.registry.AbstractInstanceRegistry  : Running the evict task with compensationTime 6ms
2026-09-08T18:47:32.891+05:30  INFO 18364 --- [eureka-server] [a-EvictionTimer] c.n.e.registry.AbstractInstanceRegistry  : Running the evict task with compensationTime 9ms
2026-09-08T18:48:32.892+05:30  INFO 18364 --- [eureka-server] [a-EvictionTimer] c.n.e.registry.AbstractInstanceRegistry  : Running the evict task with compensationTime 1ms
2026-09-08T18:49:32.907+05:30  INFO 18364 --- [eureka-server] [a-EvictionTimer] c.n.e.registry.AbstractInstanceRegistry  : Running the evict task with compensationTime 14ms
2026-09-08T18:50:32.687+05:30  INFO 18364 --- [eureka-server] [hresholdUpdater] c.n.e.r.PeerAwareInstanceRegistryImpl    : Current renewal threshold is : 13
2026-09-08T18:50:32.921+05:30  INFO 18364 --- [eureka-server] [a-EvictionTimer] c.n.e.registry.AbstractInstanceRegistry  : Running the evict task with compensationTime 14ms
2026-09-08T18:51:32.930+05:30  INFO 18364 --- [eureka-server] [a-EvictionTimer] c.n.e.registry.AbstractInstanceRegistry  : Running the evict task with compensationTime 8ms
2026-09-08T18:52:32.945+05:30  INFO 18364 --- [eureka-server] [a-EvictionTimer] c.n.e.registry.AbstractInstanceRegistry  : Running the evict task with compensationTime 15ms
2026-09-08T18:53:32.946+05:30  INFO 18364 --- [eureka-server] [a-EvictionTimer] c.n.e.registry.AbstractInstanceRegistry  : Running the evict task with compensationTime 0ms
2026-09-08T18:54:32.949+05:30  INFO 18364 --- [eureka-server] [a-EvictionTimer] c.n.e.registry.AbstractInstanceRegistry  : Running the evict task with compensationTime 3ms
2026-09-08T18:55:32.558+05:30  WARN 18364 --- [eureka-server] [eerNodesUpdater] c.n.eureka.cluster.PeerEurekaNodes       : The replica size seems to be empty. Check the route 53 DNS Registry
2026-09-08T18:55:32.962+05:30  INFO 18364 --- [eureka-server] [a-EvictionTimer] c.n.e.registry.AbstractInstanceRegistry  : Running the evict task with compensationTime 13ms
2026-09-08T18:56:32.967+05:30  INFO 18364 --- [eureka-server] [a-EvictionTimer] c.n.e.registry.AbstractInstanceRegistry  : Running the evict task with compensationTime 4ms
2026-09-08T18:57:32.979+05:30  INFO 18364 --- [eureka-server] [a-EvictionTimer] c.n.e.registry.AbstractInstanceRegistry  : Running the evict task with compensationTime 11ms
2026-09-08T18:58:32.993+05:30  INFO 18364 --- [eureka-server] [a-EvictionTimer] c.n.e.registry.AbstractInstanceRegistry  : Running the evict task with compensationTime 14ms
2026-09-08T18:59:32.999+05:30  INFO 18364 --- [eureka-server] [a-EvictionTimer] c.n.e.registry.AbstractInstanceRegistry  : Running the evict task with compensationTime 5ms
2026-09-08T19:00:33.004+05:30  INFO 18364 --- [eureka-server] [a-EvictionTimer] c.n.e.registry.AbstractInstanceRegistry  : Running the evict task with compensationTime 5ms
2026-09-08T19:01:33.007+05:30  INFO 18364 --- [eureka-server] [a-EvictionTimer] c.n.e.registry.AbstractInstanceRegistry  : Running the evict task with compensationTime 2ms
2026-09-08T19:02:33.022+05:30  INFO 18364 --- [eureka-server] [a-EvictionTimer] c.n.e.registry.AbstractInstanceRegistry  : Running the evict task with compensationTime 14ms
2026-09-08T19:03:33.028+05:30  INFO 18364 --- [eureka-server] [a-EvictionTimer] c.n.e.registry.AbstractInstanceRegistry  : Running the evict task with compensationTime 6ms
2026-09-08T19:04:33.036+05:30  INFO 18364 --- [eureka-server] [a-EvictionTimer] c.n.e.registry.AbstractInstanceRegistry  : Running the evict task with compensationTime 7ms
2026-09-08T19:05:32.572+05:30  WARN 18364 --- [eureka-server] [eerNodesUpdater] c.n.eureka.cluster.PeerEurekaNodes       : The replica size seems to be empty. Check the route 53 DNS Registry
2026-09-08T19:05:32.697+05:30  INFO 18364 --- [eureka-server] [hresholdUpdater] c.n.e.r.PeerAwareInstanceRegistryImpl    : Current renewal threshold is : 13
2026-09-08T19:05:33.041+05:30  INFO 18364 --- [eureka-server] [a-EvictionTimer] c.n.e.registry.AbstractInstanceRegistry  : Running the evict task with compensationTime 5ms
2026-09-08T19:06:33.047+05:30  INFO 18364 --- [eureka-server] [a-EvictionTimer] c.n.e.registry.AbstractInstanceRegistry  : Running the evict task with compensationTime 6ms
2026-09-08T19:07:33.056+05:30  INFO 18364 --- [eureka-server] [a-EvictionTimer] c.n.e.registry.AbstractInstanceRegistry  : Running the evict task with compensationTime 8ms
2026-09-08T19:08:33.065+05:30  INFO 18364 --- [eureka-server] [a-EvictionTimer] c.n.e.registry.AbstractInstanceRegistry  : Running the evict task with compensationTime 8ms
2026-09-08T19:09:33.076+05:30  INFO 18364 --- [eureka-server] [a-EvictionTimer] c.n.e.registry.AbstractInstanceRegistry  : Running the evict task with compensationTime 11ms
2026-09-08T19:10:33.082+05:30  INFO 18364 --- [eureka-server] [a-EvictionTimer] c.n.e.registry.AbstractInstanceRegistry  : Running the evict task with compensationTime 5ms
2026-09-08T19:11:33.086+05:30  INFO 18364 --- [eureka-server] [a-EvictionTimer] c.n.e.registry.AbstractInstanceRegistry  : Running the evict task with compensationTime 3ms
2026-09-08T19:12:33.092+05:30  INFO 18364 --- [eureka-server] [a-EvictionTimer] c.n.e.registry.AbstractInstanceRegistry  : Running the evict task with compensationTime 5ms
2026-09-08T19:13:33.094+05:30  INFO 18364 --- [eureka-server] [a-EvictionTimer] c.n.e.registry.AbstractInstanceRegistry  : Running the evict task with compensationTime 2ms
2026-09-08T19:14:33.095+05:30  INFO 18364 --- [eureka-server] [a-EvictionTimer] c.n.e.registry.AbstractInstanceRegistry  : Running the evict task with compensationTime 0ms
2026-09-08T19:15:32.573+05:30  WARN 18364 --- [eureka-server] [eerNodesUpdater] c.n.eureka.cluster.PeerEurekaNodes       : The replica size seems to be empty. Check the route 53 DNS Registry
2026-09-08T19:15:33.101+05:30  INFO 18364 --- [eureka-server] [a-EvictionTimer] c.n.e.registry.AbstractInstanceRegistry  : Running the evict task with compensationTime 5ms
2026-09-08T19:16:33.104+05:30  INFO 18364 --- [eureka-server] [a-EvictionTimer] c.n.e.registry.AbstractInstanceRegistry  : Running the evict task with compensationTime 3ms
2026-09-08T19:17:33.113+05:30  INFO 18364 --- [eureka-server] [a-EvictionTimer] c.n.e.registry.AbstractInstanceRegistry  : Running the evict task with compensationTime 8ms
2026-09-08T19:18:33.118+05:30  INFO 18364 --- [eureka-server] [a-EvictionTimer] c.n.e.registry.AbstractInstanceRegistry  : Running the evict task with compensationTime 4ms
2026-09-08T19:19:33.124+05:30  INFO 18364 --- [eureka-server] [a-EvictionTimer] c.n.e.registry.AbstractInstanceRegistry  : Running the evict task with compensationTime 6ms
2026-09-08T19:20:32.710+05:30  INFO 18364 --- [eureka-server] [hresholdUpdater] c.n.e.r.PeerAwareInstanceRegistryImpl    : Current renewal threshold is : 13
2026-09-08T19:20:33.131+05:30  INFO 18364 --- [eureka-server] [a-EvictionTimer] c.n.e.registry.AbstractInstanceRegistry  : Running the evict task with compensationTime 6ms
2026-09-08T19:21:33.143+05:30  INFO 18364 --- [eureka-server] [a-EvictionTimer] c.n.e.registry.AbstractInstanceRegistry  : Running the evict task with compensationTime 12ms
2026-09-08T19:22:33.158+05:30  INFO 18364 --- [eureka-server] [a-EvictionTimer] c.n.e.registry.AbstractInstanceRegistry  : Running the evict task with compensationTime 15ms
2026-09-08T19:23:33.167+05:30  INFO 18364 --- [eureka-server] [a-EvictionTimer] c.n.e.registry.AbstractInstanceRegistry  : Running the evict task with compensationTime 9ms
2026-09-08T19:24:33.172+05:30  INFO 18364 --- [eureka-server] [a-EvictionTimer] c.n.e.registry.AbstractInstanceRegistry  : Running the evict task with compensationTime 4ms
2026-09-08T19:25:32.574+05:30  WARN 18364 --- [eureka-server] [eerNodesUpdater] c.n.eureka.cluster.PeerEurekaNodes       : The replica size seems to be empty. Check the route 53 DNS Registry
2026-09-08T19:25:33.182+05:30  INFO 18364 --- [eureka-server] [a-EvictionTimer] c.n.e.registry.AbstractInstanceRegistry  : Running the evict task with compensationTime 10ms
2026-09-08T19:26:33.190+05:30  INFO 18364 --- [eureka-server] [a-EvictionTimer] c.n.e.registry.AbstractInstanceRegistry  : Running the evict task with compensationTime 7ms
2026-09-08T19:27:33.197+05:30  INFO 18364 --- [eureka-server] [a-EvictionTimer] c.n.e.registry.AbstractInstanceRegistry  : Running the evict task with compensationTime 6ms
2026-09-08T19:28:33.207+05:30  INFO 18364 --- [eureka-server] [a-EvictionTimer] c.n.e.registry.AbstractInstanceRegistry  : Running the evict task with compensationTime 9ms
2026-09-08T19:29:33.212+05:30  INFO 18364 --- [eureka-server] [a-EvictionTimer] c.n.e.registry.AbstractInstanceRegistry  : Running the evict task with compensationTime 5ms
2026-09-08T19:30:33.224+05:30  INFO 18364 --- [eureka-server] [a-EvictionTimer] c.n.e.registry.AbstractInstanceRegistry  : Running the evict task with compensationTime 11ms
2026-09-08T19:31:33.237+05:30  INFO 18364 --- [eureka-server] [a-EvictionTimer] c.n.e.registry.AbstractInstanceRegistry  : Running the evict task with compensationTime 13ms
2026-09-08T19:32:33.253+05:30  INFO 18364 --- [eureka-server] [a-EvictionTimer] c.n.e.registry.AbstractInstanceRegistry  : Running the evict task with compensationTime 15ms
2026-09-08T19:33:33.260+05:30  INFO 18364 --- [eureka-server] [a-EvictionTimer] c.n.e.registry.AbstractInstanceRegistry  : Running the evict task with compensationTime 7ms
2026-09-08T19:34:33.270+05:30  INFO 18364 --- [eureka-server] [a-EvictionTimer] c.n.e.registry.AbstractInstanceRegistry  : Running the evict task with compensationTime 10ms
2026-09-08T19:35:32.585+05:30  WARN 18364 --- [eureka-server] [eerNodesUpdater] c.n.eureka.cluster.PeerEurekaNodes       : The replica size seems to be empty. Check the route 53 DNS Registry
2026-09-08T19:35:32.724+05:30  INFO 18364 --- [eureka-server] [hresholdUpdater] c.n.e.r.PeerAwareInstanceRegistryImpl    : Current renewal threshold is : 13
2026-09-08T19:35:33.285+05:30  INFO 18364 --- [eureka-server] [a-EvictionTimer] c.n.e.registry.AbstractInstanceRegistry  : Running the evict task with compensationTime 14ms
2026-09-08T19:36:33.297+05:30  INFO 18364 --- [eureka-server] [a-EvictionTimer] c.n.e.registry.AbstractInstanceRegistry  : Running the evict task with compensationTime 12ms
2026-09-08T19:37:33.304+05:30  INFO 18364 --- [eureka-server] [a-EvictionTimer] c.n.e.registry.AbstractInstanceRegistry  : Running the evict task with compensationTime 7ms
2026-09-08T19:38:33.314+05:30  INFO 18364 --- [eureka-server] [a-EvictionTimer] c.n.e.registry.AbstractInstanceRegistry  : Running the evict task with compensationTime 9ms
2026-09-08T19:39:33.315+05:30  INFO 18364 --- [eureka-server] [a-EvictionTimer] c.n.e.registry.AbstractInstanceRegistry  : Running the evict task with compensationTime 1ms
2026-09-08T19:40:33.316+05:30  INFO 18364 --- [eureka-server] [a-EvictionTimer] c.n.e.registry.AbstractInstanceRegistry  : Running the evict task with compensationTime 0ms
2026-09-08T19:41:33.330+05:30  INFO 18364 --- [eureka-server] [a-EvictionTimer] c.n.e.registry.AbstractInstanceRegistry  : Running the evict task with compensationTime 14ms
2026-09-08T19:42:33.334+05:30  INFO 18364 --- [eureka-server] [a-EvictionTimer] c.n.e.registry.AbstractInstanceRegistry  : Running the evict task with compensationTime 4ms
2026-09-08T19:43:33.340+05:30  INFO 18364 --- [eureka-server] [a-EvictionTimer] c.n.e.registry.AbstractInstanceRegistry  : Running the evict task with compensationTime 4ms
2026-09-08T19:44:33.354+05:30  INFO 18364 --- [eureka-server] [a-EvictionTimer] c.n.e.registry.AbstractInstanceRegistry  : Running the evict task with compensationTime 14ms
2026-09-08T19:45:32.587+05:30  WARN 18364 --- [eureka-server] [eerNodesUpdater] c.n.eureka.cluster.PeerEurekaNodes       : The replica size seems to be empty. Check the route 53 DNS Registry
2026-09-08T19:45:33.354+05:30  INFO 18364 --- [eureka-server] [a-EvictionTimer] c.n.e.registry.AbstractInstanceRegistry  : Running the evict task with compensationTime 0ms
2026-09-08T19:46:33.357+05:30  INFO 18364 --- [eureka-server] [a-EvictionTimer] c.n.e.registry.AbstractInstanceRegistry  : Running the evict task with compensationTime 2ms
2026-09-08T19:47:33.370+05:30  INFO 18364 --- [eureka-server] [a-EvictionTimer] c.n.e.registry.AbstractInstanceRegistry  : Running the evict task with compensationTime 13ms
2026-09-08T19:48:33.374+05:30  INFO 18364 --- [eureka-server] [a-EvictionTimer] c.n.e.registry.AbstractInstanceRegistry  : Running the evict task with compensationTime 4ms
2026-09-08T19:49:33.390+05:30  INFO 18364 --- [eureka-server] [a-EvictionTimer] c.n.e.registry.AbstractInstanceRegistry  : Running the evict task with compensationTime 15ms
2026-09-08T19:50:32.727+05:30  INFO 18364 --- [eureka-server] [hresholdUpdater] c.n.e.r.PeerAwareInstanceRegistryImpl    : Current renewal threshold is : 13
2026-09-08T19:50:33.398+05:30  INFO 18364 --- [eureka-server] [a-EvictionTimer] c.n.e.registry.AbstractInstanceRegistry  : Running the evict task with compensationTime 8ms
2026-09-08T19:51:33.410+05:30  INFO 18364 --- [eureka-server] [a-EvictionTimer] c.n.e.registry.AbstractInstanceRegistry  : Running the evict task with compensationTime 11ms
2026-09-08T19:52:33.410+05:30  INFO 18364 --- [eureka-server] [a-EvictionTimer] c.n.e.registry.AbstractInstanceRegistry  : Running the evict task with compensationTime 0ms
2026-09-08T19:53:33.418+05:30  INFO 18364 --- [eureka-server] [a-EvictionTimer] c.n.e.registry.AbstractInstanceRegistry  : Running the evict task with compensationTime 8ms
2026-09-08T19:54:33.428+05:30  INFO 18364 --- [eureka-server] [a-EvictionTimer] c.n.e.registry.AbstractInstanceRegistry  : Running the evict task with compensationTime 9ms
2026-09-08T19:55:32.592+05:30  WARN 18364 --- [eureka-server] [eerNodesUpdater] c.n.eureka.cluster.PeerEurekaNodes       : The replica size seems to be empty. Check the route 53 DNS Registry
2026-09-08T19:55:33.428+05:30  INFO 18364 --- [eureka-server] [a-EvictionTimer] c.n.e.registry.AbstractInstanceRegistry  : Running the evict task with compensationTime 0ms
2026-09-08T19:56:33.433+05:30  INFO 18364 --- [eureka-server] [a-EvictionTimer] c.n.e.registry.AbstractInstanceRegistry  : Running the evict task with compensationTime 4ms
2026-09-08T19:57:33.434+05:30  INFO 18364 --- [eureka-server] [a-EvictionTimer] c.n.e.registry.AbstractInstanceRegistry  : Running the evict task with compensationTime 1ms
2026-09-08T19:58:33.440+05:30  INFO 18364 --- [eureka-server] [a-EvictionTimer] c.n.e.registry.AbstractInstanceRegistry  : Running the evict task with compensationTime 5ms
2026-09-08T19:59:33.452+05:30  INFO 18364 --- [eureka-server] [a-EvictionTimer] c.n.e.registry.AbstractInstanceRegistry  : Running the evict task with compensationTime 11ms
2026-09-08T20:00:33.456+05:30  INFO 18364 --- [eureka-server] [a-EvictionTimer] c.n.e.registry.AbstractInstanceRegistry  : Running the evict task with compensationTime 4ms
2026-09-08T20:01:33.461+05:30  INFO 18364 --- [eureka-server] [a-EvictionTimer] c.n.e.registry.AbstractInstanceRegistry  : Running the evict task with compensationTime 4ms
2026-09-08T20:02:33.471+05:30  INFO 18364 --- [eureka-server] [a-EvictionTimer] c.n.e.registry.AbstractInstanceRegistry  : Running the evict task with compensationTime 10ms
2026-09-08T20:03:33.472+05:30  INFO 18364 --- [eureka-server] [a-EvictionTimer] c.n.e.registry.AbstractInstanceRegistry  : Running the evict task with compensationTime 1ms
2026-09-08T20:04:33.476+05:30  INFO 18364 --- [eureka-server] [a-EvictionTimer] c.n.e.registry.AbstractInstanceRegistry  : Running the evict task with compensationTime 3ms
2026-09-08T20:05:32.604+05:30  WARN 18364 --- [eureka-server] [eerNodesUpdater] c.n.eureka.cluster.PeerEurekaNodes       : The replica size seems to be empty. Check the route 53 DNS Registry
2026-09-08T20:05:32.729+05:30  INFO 18364 --- [eureka-server] [hresholdUpdater] c.n.e.r.PeerAwareInstanceRegistryImpl    : Current renewal threshold is : 13
2026-09-08T20:05:33.478+05:30  INFO 18364 --- [eureka-server] [a-EvictionTimer] c.n.e.registry.AbstractInstanceRegistry  : Running the evict task with compensationTime 2ms
2026-09-08T20:06:33.491+05:30  INFO 18364 --- [eureka-server] [a-EvictionTimer] c.n.e.registry.AbstractInstanceRegistry  : Running the evict task with compensationTime 12ms
2026-09-08T20:07:33.502+05:30  INFO 18364 --- [eureka-server] [a-EvictionTimer] c.n.e.registry.AbstractInstanceRegistry  : Running the evict task with compensationTime 11ms
2026-09-08T20:08:33.514+05:30  INFO 18364 --- [eureka-server] [a-EvictionTimer] c.n.e.registry.AbstractInstanceRegistry  : Running the evict task with compensationTime 11ms
2026-09-08T20:09:33.526+05:30  INFO 18364 --- [eureka-server] [a-EvictionTimer] c.n.e.registry.AbstractInstanceRegistry  : Running the evict task with compensationTime 12ms
2026-09-08T20:10:33.539+05:30  INFO 18364 --- [eureka-server] [a-EvictionTimer] c.n.e.registry.AbstractInstanceRegistry  : Running the evict task with compensationTime 11ms
2026-09-08T20:11:33.539+05:30  INFO 18364 --- [eureka-server] [a-EvictionTimer] c.n.e.registry.AbstractInstanceRegistry  : Running the evict task with compensationTime 0ms
2026-09-08T20:12:33.545+05:30  INFO 18364 --- [eureka-server] [a-EvictionTimer] c.n.e.registry.AbstractInstanceRegistry  : Running the evict task with compensationTime 6ms
2026-09-08T20:13:33.552+05:30  INFO 18364 --- [eureka-server] [a-EvictionTimer] c.n.e.registry.AbstractInstanceRegistry  : Running the evict task with compensationTime 6ms
2026-09-08T20:14:33.560+05:30  INFO 18364 --- [eureka-server] [a-EvictionTimer] c.n.e.registry.AbstractInstanceRegistry  : Running the evict task with compensationTime 7ms
2026-09-08T20:15:32.619+05:30  WARN 18364 --- [eureka-server] [eerNodesUpdater] c.n.eureka.cluster.PeerEurekaNodes       : The replica size seems to be empty. Check the route 53 DNS Registry
2026-09-08T20:15:33.571+05:30  INFO 18364 --- [eureka-server] [a-EvictionTimer] c.n.e.registry.AbstractInstanceRegistry  : Running the evict task with compensationTime 11ms
2026-09-08T20:16:33.586+05:30  INFO 18364 --- [eureka-server] [a-EvictionTimer] c.n.e.registry.AbstractInstanceRegistry  : Running the evict task with compensationTime 14ms
2026-09-08T20:17:33.589+05:30  INFO 18364 --- [eureka-server] [a-EvictionTimer] c.n.e.registry.AbstractInstanceRegistry  : Running the evict task with compensationTime 2ms
2026-09-08T20:18:33.593+05:30  INFO 18364 --- [eureka-server] [a-EvictionTimer] c.n.e.registry.AbstractInstanceRegistry  : Running the evict task with compensationTime 4ms
2026-09-08T20:19:33.601+05:30  INFO 18364 --- [eureka-server] [a-EvictionTimer] c.n.e.registry.AbstractInstanceRegistry  : Running the evict task with compensationTime 7ms
2026-09-08T20:20:32.734+05:30  INFO 18364 --- [eureka-server] [hresholdUpdater] c.n.e.r.PeerAwareInstanceRegistryImpl    : Current renewal threshold is : 13
2026-09-08T20:20:33.608+05:30  INFO 18364 --- [eureka-server] [a-EvictionTimer] c.n.e.registry.AbstractInstanceRegistry  : Running the evict task with compensationTime 6ms
2026-09-08T20:21:33.611+05:30  INFO 18364 --- [eureka-server] [a-EvictionTimer] c.n.e.registry.AbstractInstanceRegistry  : Running the evict task with compensationTime 2ms
2026-09-08T20:22:33.616+05:30  INFO 18364 --- [eureka-server] [a-EvictionTimer] c.n.e.registry.AbstractInstanceRegistry  : Running the evict task with compensationTime 4ms
2026-09-08T20:23:33.619+05:30  INFO 18364 --- [eureka-server] [a-EvictionTimer] c.n.e.registry.AbstractInstanceRegistry  : Running the evict task with compensationTime 2ms
2026-09-08T20:24:33.631+05:30  INFO 18364 --- [eureka-server] [a-EvictionTimer] c.n.e.registry.AbstractInstanceRegistry  : Running the evict task with compensationTime 12ms
2026-09-08T20:25:32.625+05:30  WARN 18364 --- [eureka-server] [eerNodesUpdater] c.n.eureka.cluster.PeerEurekaNodes       : The replica size seems to be empty. Check the route 53 DNS Registry
2026-09-08T20:25:33.637+05:30  INFO 18364 --- [eureka-server] [a-EvictionTimer] c.n.e.registry.AbstractInstanceRegistry  : Running the evict task with compensationTime 6ms
2026-09-08T20:26:33.647+05:30  INFO 18364 --- [eureka-server] [a-EvictionTimer] c.n.e.registry.AbstractInstanceRegistry  : Running the evict task with compensationTime 10ms
2026-09-08T20:27:33.652+05:30  INFO 18364 --- [eureka-server] [a-EvictionTimer] c.n.e.registry.AbstractInstanceRegistry  : Running the evict task with compensationTime 4ms
2026-09-08T20:28:33.659+05:30  INFO 18364 --- [eureka-server] [a-EvictionTimer] c.n.e.registry.AbstractInstanceRegistry  : Running the evict task with compensationTime 7ms
2026-09-08T20:29:33.662+05:30  INFO 18364 --- [eureka-server] [a-EvictionTimer] c.n.e.registry.AbstractInstanceRegistry  : Running the evict task with compensationTime 2ms
2026-09-08T20:30:33.673+05:30  INFO 18364 --- [eureka-server] [a-EvictionTimer] c.n.e.registry.AbstractInstanceRegistry  : Running the evict task with compensationTime 11ms
2026-09-08T20:31:33.681+05:30  INFO 18364 --- [eureka-server] [a-EvictionTimer] c.n.e.registry.AbstractInstanceRegistry  : Running the evict task with compensationTime 8ms
2026-09-08T20:32:33.691+05:30  INFO 18364 --- [eureka-server] [a-EvictionTimer] c.n.e.registry.AbstractInstanceRegistry  : Running the evict task with compensationTime 9ms
2026-09-08T20:33:33.702+05:30  INFO 18364 --- [eureka-server] [a-EvictionTimer] c.n.e.registry.AbstractInstanceRegistry  : Running the evict task with compensationTime 11ms
2026-09-08T20:34:33.709+05:30  INFO 18364 --- [eureka-server] [a-EvictionTimer] c.n.e.registry.AbstractInstanceRegistry  : Running the evict task with compensationTime 6ms
2026-09-08T20:35:32.637+05:30  WARN 18364 --- [eureka-server] [eerNodesUpdater] c.n.eureka.cluster.PeerEurekaNodes       : The replica size seems to be empty. Check the route 53 DNS Registry
2026-09-08T20:35:32.748+05:30  INFO 18364 --- [eureka-server] [hresholdUpdater] c.n.e.r.PeerAwareInstanceRegistryImpl    : Current renewal threshold is : 13
2026-09-08T20:35:33.712+05:30  INFO 18364 --- [eureka-server] [a-EvictionTimer] c.n.e.registry.AbstractInstanceRegistry  : Running the evict task with compensationTime 3ms
2026-09-08T20:36:33.717+05:30  INFO 18364 --- [eureka-server] [a-EvictionTimer] c.n.e.registry.AbstractInstanceRegistry  : Running the evict task with compensationTime 4ms
2026-09-08T20:37:33.732+05:30  INFO 18364 --- [eureka-server] [a-EvictionTimer] c.n.e.registry.AbstractInstanceRegistry  : Running the evict task with compensationTime 14ms
2026-09-08T20:38:33.737+05:30  INFO 18364 --- [eureka-server] [a-EvictionTimer] c.n.e.registry.AbstractInstanceRegistry  : Running the evict task with compensationTime 4ms
2026-09-08T20:39:33.746+05:30  INFO 18364 --- [eureka-server] [a-EvictionTimer] c.n.e.registry.AbstractInstanceRegistry  : Running the evict task with compensationTime 9ms
2026-09-08T20:40:33.748+05:30  INFO 18364 --- [eureka-server] [a-EvictionTimer] c.n.e.registry.AbstractInstanceRegistry  : Running the evict task with compensationTime 1ms
2026-09-08T20:41:33.753+05:30  INFO 18364 --- [eureka-server] [a-EvictionTimer] c.n.e.registry.AbstractInstanceRegistry  : Running the evict task with compensationTime 5ms
2026-09-08T20:42:33.767+05:30  INFO 18364 --- [eureka-server] [a-EvictionTimer] c.n.e.registry.AbstractInstanceRegistry  : Running the evict task with compensationTime 13ms
2026-09-08T20:43:33.780+05:30  INFO 18364 --- [eureka-server] [a-EvictionTimer] c.n.e.registry.AbstractInstanceRegistry  : Running the evict task with compensationTime 12ms
2026-09-08T20:44:33.793+05:30  INFO 18364 --- [eureka-server] [a-EvictionTimer] c.n.e.registry.AbstractInstanceRegistry  : Running the evict task with compensationTime 13ms
2026-09-08T20:45:32.648+05:30  WARN 18364 --- [eureka-server] [eerNodesUpdater] c.n.eureka.cluster.PeerEurekaNodes       : The replica size seems to be empty. Check the route 53 DNS Registry
2026-09-08T20:45:33.802+05:30  INFO 18364 --- [eureka-server] [a-EvictionTimer] c.n.e.registry.AbstractInstanceRegistry  : Running the evict task with compensationTime 8ms
2026-09-08T20:46:33.813+05:30  INFO 18364 --- [eureka-server] [a-EvictionTimer] c.n.e.registry.AbstractInstanceRegistry  : Running the evict task with compensationTime 11ms
2026-09-08T20:47:33.821+05:30  INFO 18364 --- [eureka-server] [a-EvictionTimer] c.n.e.registry.AbstractInstanceRegistry  : Running the evict task with compensationTime 8ms
2026-09-08T20:48:33.833+05:30  INFO 18364 --- [eureka-server] [a-EvictionTimer] c.n.e.registry.AbstractInstanceRegistry  : Running the evict task with compensationTime 12ms
2026-09-08T20:49:33.845+05:30  INFO 18364 --- [eureka-server] [a-EvictionTimer] c.n.e.registry.AbstractInstanceRegistry  : Running the evict task with compensationTime 11ms
2026-09-08T20:50:32.757+05:30  INFO 18364 --- [eureka-server] [hresholdUpdater] c.n.e.r.PeerAwareInstanceRegistryImpl    : Current renewal threshold is : 13
2026-09-08T20:50:33.850+05:30  INFO 18364 --- [eureka-server] [a-EvictionTimer] c.n.e.registry.AbstractInstanceRegistry  : Running the evict task with compensationTime 5ms
2026-09-08T20:51:33.865+05:30  INFO 18364 --- [eureka-server] [a-EvictionTimer] c.n.e.registry.AbstractInstanceRegistry  : Running the evict task with compensationTime 15ms
2026-09-08T20:52:33.866+05:30  INFO 18364 --- [eureka-server] [a-EvictionTimer] c.n.e.registry.AbstractInstanceRegistry  : Running the evict task with compensationTime 0ms
2026-09-08T20:53:33.867+05:30  INFO 18364 --- [eureka-server] [a-EvictionTimer] c.n.e.registry.AbstractInstanceRegistry  : Running the evict task with compensationTime 1ms
2026-09-08T20:54:33.874+05:30  INFO 18364 --- [eureka-server] [a-EvictionTimer] c.n.e.registry.AbstractInstanceRegistry  : Running the evict task with compensationTime 7ms
2026-09-08T20:55:32.654+05:30  WARN 18364 --- [eureka-server] [eerNodesUpdater] c.n.eureka.cluster.PeerEurekaNodes       : The replica size seems to be empty. Check the route 53 DNS Registry
2026-09-08T20:55:33.882+05:30  INFO 18364 --- [eureka-server] [a-EvictionTimer] c.n.e.registry.AbstractInstanceRegistry  : Running the evict task with compensationTime 7ms
2026-09-08T20:56:33.892+05:30  INFO 18364 --- [eureka-server] [a-EvictionTimer] c.n.e.registry.AbstractInstanceRegistry  : Running the evict task with compensationTime 9ms
2026-09-08T20:57:33.898+05:30  INFO 18364 --- [eureka-server] [a-EvictionTimer] c.n.e.registry.AbstractInstanceRegistry  : Running the evict task with compensationTime 5ms
2026-09-08T20:58:33.908+05:30  INFO 18364 --- [eureka-server] [a-EvictionTimer] c.n.e.registry.AbstractInstanceRegistry  : Running the evict task with compensationTime 10ms
2026-09-08T20:59:33.919+05:30  INFO 18364 --- [eureka-server] [a-EvictionTimer] c.n.e.registry.AbstractInstanceRegistry  : Running the evict task with compensationTime 11ms
2026-09-08T21:00:33.930+05:30  INFO 18364 --- [eureka-server] [a-EvictionTimer] c.n.e.registry.AbstractInstanceRegistry  : Running the evict task with compensationTime 10ms
2026-09-08T21:01:33.933+05:30  INFO 18364 --- [eureka-server] [a-EvictionTimer] c.n.e.registry.AbstractInstanceRegistry  : Running the evict task with compensationTime 3ms
2026-09-08T21:02:33.935+05:30  INFO 18364 --- [eureka-server] [a-EvictionTimer] c.n.e.registry.AbstractInstanceRegistry  : Running the evict task with compensationTime 1ms
2026-09-08T21:03:33.942+05:30  INFO 18364 --- [eureka-server] [a-EvictionTimer] c.n.e.registry.AbstractInstanceRegistry  : Running the evict task with compensationTime 7ms
2026-09-08T21:04:33.957+05:30  INFO 18364 --- [eureka-server] [a-EvictionTimer] c.n.e.registry.AbstractInstanceRegistry  : Running the evict task with compensationTime 15ms
2026-09-08T21:05:32.661+05:30  WARN 18364 --- [eureka-server] [eerNodesUpdater] c.n.eureka.cluster.PeerEurekaNodes       : The replica size seems to be empty. Check the route 53 DNS Registry
2026-09-08T21:05:32.768+05:30  INFO 18364 --- [eureka-server] [hresholdUpdater] c.n.e.r.PeerAwareInstanceRegistryImpl    : Current renewal threshold is : 13
2026-09-08T21:05:33.971+05:30  INFO 18364 --- [eureka-server] [a-EvictionTimer] c.n.e.registry.AbstractInstanceRegistry  : Running the evict task with compensationTime 13ms
2026-09-08T21:06:33.986+05:30  INFO 18364 --- [eureka-server] [a-EvictionTimer] c.n.e.registry.AbstractInstanceRegistry  : Running the evict task with compensationTime 13ms
2026-09-08T21:07:33.992+05:30  INFO 18364 --- [eureka-server] [a-EvictionTimer] c.n.e.registry.AbstractInstanceRegistry  : Running the evict task with compensationTime 4ms
2026-09-08T21:08:34.000+05:30  INFO 18364 --- [eureka-server] [a-EvictionTimer] c.n.e.registry.AbstractInstanceRegistry  : Running the evict task with compensationTime 6ms
2026-09-08T21:09:34.003+05:30  INFO 18364 --- [eureka-server] [a-EvictionTimer] c.n.e.registry.AbstractInstanceRegistry  : Running the evict task with compensationTime 2ms
2026-09-08T21:10:34.010+05:30  INFO 18364 --- [eureka-server] [a-EvictionTimer] c.n.e.registry.AbstractInstanceRegistry  : Running the evict task with compensationTime 5ms
2026-09-08T21:11:34.026+05:30  INFO 18364 --- [eureka-server] [a-EvictionTimer] c.n.e.registry.AbstractInstanceRegistry  : Running the evict task with compensationTime 15ms
2026-09-08T21:12:34.041+05:30  INFO 18364 --- [eureka-server] [a-EvictionTimer] c.n.e.registry.AbstractInstanceRegistry  : Running the evict task with compensationTime 13ms
2026-09-08T21:13:34.054+05:30  INFO 18364 --- [eureka-server] [a-EvictionTimer] c.n.e.registry.AbstractInstanceRegistry  : Running the evict task with compensationTime 11ms
2026-09-08T21:14:34.057+05:30  INFO 18364 --- [eureka-server] [a-EvictionTimer] c.n.e.registry.AbstractInstanceRegistry  : Running the evict task with compensationTime 1ms
2026-09-08T21:15:32.679+05:30  WARN 18364 --- [eureka-server] [eerNodesUpdater] c.n.eureka.cluster.PeerEurekaNodes       : The replica size seems to be empty. Check the route 53 DNS Registry
2026-09-08T21:15:34.059+05:30  INFO 18364 --- [eureka-server] [a-EvictionTimer] c.n.e.registry.AbstractInstanceRegistry  : Running the evict task with compensationTime 0ms
2026-09-08T21:16:34.064+05:30  INFO 18364 --- [eureka-server] [a-EvictionTimer] c.n.e.registry.AbstractInstanceRegistry  : Running the evict task with compensationTime 3ms
2026-09-08T21:17:34.074+05:30  INFO 18364 --- [eureka-server] [a-EvictionTimer] c.n.e.registry.AbstractInstanceRegistry  : Running the evict task with compensationTime 8ms
2026-09-08T21:18:34.078+05:30  INFO 18364 --- [eureka-server] [a-EvictionTimer] c.n.e.registry.AbstractInstanceRegistry  : Running the evict task with compensationTime 2ms
2026-09-08T21:19:34.088+05:30  INFO 18364 --- [eureka-server] [a-EvictionTimer] c.n.e.registry.AbstractInstanceRegistry  : Running the evict task with compensationTime 8ms
2026-09-08T21:20:32.800+05:30  INFO 18364 --- [eureka-server] [hresholdUpdater] c.n.e.r.PeerAwareInstanceRegistryImpl    : Current renewal threshold is : 13
2026-09-08T21:20:34.099+05:30  INFO 18364 --- [eureka-server] [a-EvictionTimer] c.n.e.registry.AbstractInstanceRegistry  : Running the evict task with compensationTime 9ms
2026-09-08T21:21:34.105+05:30  INFO 18364 --- [eureka-server] [a-EvictionTimer] c.n.e.registry.AbstractInstanceRegistry  : Running the evict task with compensationTime 5ms
2026-09-08T21:22:34.116+05:30  INFO 18364 --- [eureka-server] [a-EvictionTimer] c.n.e.registry.AbstractInstanceRegistry  : Running the evict task with compensationTime 9ms
2026-09-08T21:23:34.122+05:30  INFO 18364 --- [eureka-server] [a-EvictionTimer] c.n.e.registry.AbstractInstanceRegistry  : Running the evict task with compensationTime 4ms
2026-09-08T21:24:34.126+05:30  INFO 18364 --- [eureka-server] [a-EvictionTimer] c.n.e.registry.AbstractInstanceRegistry  : Running the evict task with compensationTime 3ms
2026-09-08T21:25:32.701+05:30  WARN 18364 --- [eureka-server] [eerNodesUpdater] c.n.eureka.cluster.PeerEurekaNodes       : The replica size seems to be empty. Check the route 53 DNS Registry
2026-09-08T21:25:34.133+05:30  INFO 18364 --- [eureka-server] [a-EvictionTimer] c.n.e.registry.AbstractInstanceRegistry  : Running the evict task with compensationTime 6ms
2026-09-08T21:26:34.140+05:30  INFO 18364 --- [eureka-server] [a-EvictionTimer] c.n.e.registry.AbstractInstanceRegistry  : Running the evict task with compensationTime 5ms
2026-09-08T21:27:34.152+05:30  INFO 18364 --- [eureka-server] [a-EvictionTimer] c.n.e.registry.AbstractInstanceRegistry  : Running the evict task with compensationTime 10ms
2026-09-08T21:28:34.161+05:30  INFO 18364 --- [eureka-server] [a-EvictionTimer] c.n.e.registry.AbstractInstanceRegistry  : Running the evict task with compensationTime 8ms
2026-09-08T21:29:34.165+05:30  INFO 18364 --- [eureka-server] [a-EvictionTimer] c.n.e.registry.AbstractInstanceRegistry  : Running the evict task with compensationTime 2ms
2026-09-08T21:30:34.179+05:30  INFO 18364 --- [eureka-server] [a-EvictionTimer] c.n.e.registry.AbstractInstanceRegistry  : Running the evict task with compensationTime 13ms
2026-09-08T21:31:34.182+05:30  INFO 18364 --- [eureka-server] [a-EvictionTimer] c.n.e.registry.AbstractInstanceRegistry  : Running the evict task with compensationTime 1ms
2026-09-08T21:32:34.195+05:30  INFO 18364 --- [eureka-server] [a-EvictionTimer] c.n.e.registry.AbstractInstanceRegistry  : Running the evict task with compensationTime 13ms
2026-09-08T21:33:34.211+05:30  INFO 18364 --- [eureka-server] [a-EvictionTimer] c.n.e.registry.AbstractInstanceRegistry  : Running the evict task with compensationTime 14ms
2026-09-08T21:34:34.220+05:30  INFO 18364 --- [eureka-server] [a-EvictionTimer] c.n.e.registry.AbstractInstanceRegistry  : Running the evict task with compensationTime 8ms
2026-09-08T21:35:32.720+05:30  WARN 18364 --- [eureka-server] [eerNodesUpdater] c.n.eureka.cluster.PeerEurekaNodes       : The replica size seems to be empty. Check the route 53 DNS Registry
2026-09-08T21:35:32.831+05:30  INFO 18364 --- [eureka-server] [hresholdUpdater] c.n.e.r.PeerAwareInstanceRegistryImpl    : Current renewal threshold is : 13
2026-09-08T21:35:34.231+05:30  INFO 18364 --- [eureka-server] [a-EvictionTimer] c.n.e.registry.AbstractInstanceRegistry  : Running the evict task with compensationTime 9ms
2026-09-08T21:36:34.236+05:30  INFO 18364 --- [eureka-server] [a-EvictionTimer] c.n.e.registry.AbstractInstanceRegistry  : Running the evict task with compensationTime 3ms
2026-09-08T21:37:34.241+05:30  INFO 18364 --- [eureka-server] [a-EvictionTimer] c.n.e.registry.AbstractInstanceRegistry  : Running the evict task with compensationTime 4ms
2026-09-08T21:38:34.244+05:30  INFO 18364 --- [eureka-server] [a-EvictionTimer] c.n.e.registry.AbstractInstanceRegistry  : Running the evict task with compensationTime 2ms
2026-09-08T21:39:34.255+05:30  INFO 18364 --- [eureka-server] [a-EvictionTimer] c.n.e.registry.AbstractInstanceRegistry  : Running the evict task with compensationTime 9ms
2026-09-08T21:40:34.262+05:30  INFO 18364 --- [eureka-server] [a-EvictionTimer] c.n.e.registry.AbstractInstanceRegistry  : Running the evict task with compensationTime 6ms
2026-09-08T21:41:34.273+05:30  INFO 18364 --- [eureka-server] [a-EvictionTimer] c.n.e.registry.AbstractInstanceRegistry  : Running the evict task with compensationTime 10ms
2026-09-08T21:42:34.283+05:30  INFO 18364 --- [eureka-server] [a-EvictionTimer] c.n.e.registry.AbstractInstanceRegistry  : Running the evict task with compensationTime 9ms
2026-09-08T21:43:34.286+05:30  INFO 18364 --- [eureka-server] [a-EvictionTimer] c.n.e.registry.AbstractInstanceRegistry  : Running the evict task with compensationTime 2ms
2026-09-08T21:44:34.291+05:30  INFO 18364 --- [eureka-server] [a-EvictionTimer] c.n.e.registry.AbstractInstanceRegistry  : Running the evict task with compensationTime 3ms
2026-09-08T21:45:32.733+05:30  WARN 18364 --- [eureka-server] [eerNodesUpdater] c.n.eureka.cluster.PeerEurekaNodes       : The replica size seems to be empty. Check the route 53 DNS Registry
2026-09-08T21:45:34.307+05:30  INFO 18364 --- [eureka-server] [a-EvictionTimer] c.n.e.registry.AbstractInstanceRegistry  : Running the evict task with compensationTime 15ms
2026-09-08T21:46:34.309+05:30  INFO 18364 --- [eureka-server] [a-EvictionTimer] c.n.e.registry.AbstractInstanceRegistry  : Running the evict task with compensationTime 1ms
2026-09-08T21:47:34.313+05:30  INFO 18364 --- [eureka-server] [a-EvictionTimer] c.n.e.registry.AbstractInstanceRegistry  : Running the evict task with compensationTime 3ms
2026-09-08T21:48:34.327+05:30  INFO 18364 --- [eureka-server] [a-EvictionTimer] c.n.e.registry.AbstractInstanceRegistry  : Running the evict task with compensationTime 13ms
2026-09-08T21:49:34.337+05:30  INFO 18364 --- [eureka-server] [a-EvictionTimer] c.n.e.registry.AbstractInstanceRegistry  : Running the evict task with compensationTime 9ms
2026-09-08T21:50:32.857+05:30  INFO 18364 --- [eureka-server] [hresholdUpdater] c.n.e.r.PeerAwareInstanceRegistryImpl    : Current renewal threshold is : 13
2026-09-08T21:50:34.353+05:30  INFO 18364 --- [eureka-server] [a-EvictionTimer] c.n.e.registry.AbstractInstanceRegistry  : Running the evict task with compensationTime 15ms
2026-09-08T21:51:34.356+05:30  INFO 18364 --- [eureka-server] [a-EvictionTimer] c.n.e.registry.AbstractInstanceRegistry  : Running the evict task with compensationTime 1ms
2026-09-08T21:52:34.369+05:30  INFO 18364 --- [eureka-server] [a-EvictionTimer] c.n.e.registry.AbstractInstanceRegistry  : Running the evict task with compensationTime 12ms
2026-09-08T21:53:34.381+05:30  INFO 18364 --- [eureka-server] [a-EvictionTimer] c.n.e.registry.AbstractInstanceRegistry  : Running the evict task with compensationTime 11ms
2026-09-08T21:54:34.395+05:30  INFO 18364 --- [eureka-server] [a-EvictionTimer] c.n.e.registry.AbstractInstanceRegistry  : Running the evict task with compensationTime 12ms
2026-09-08T21:55:32.755+05:30  WARN 18364 --- [eureka-server] [eerNodesUpdater] c.n.eureka.cluster.PeerEurekaNodes       : The replica size seems to be empty. Check the route 53 DNS Registry
2026-09-08T21:55:34.409+05:30  INFO 18364 --- [eureka-server] [a-EvictionTimer] c.n.e.registry.AbstractInstanceRegistry  : Running the evict task with compensationTime 13ms
2026-09-08T21:56:34.415+05:30  INFO 18364 --- [eureka-server] [a-EvictionTimer] c.n.e.registry.AbstractInstanceRegistry  : Running the evict task with compensationTime 5ms
2026-09-08T21:57:34.430+05:30  INFO 18364 --- [eureka-server] [a-EvictionTimer] c.n.e.registry.AbstractInstanceRegistry  : Running the evict task with compensationTime 14ms
2026-09-08T21:58:34.432+05:30  INFO 18364 --- [eureka-server] [a-EvictionTimer] c.n.e.registry.AbstractInstanceRegistry  : Running the evict task with compensationTime 1ms
2026-09-08T21:59:34.447+05:30  INFO 18364 --- [eureka-server] [a-EvictionTimer] c.n.e.registry.AbstractInstanceRegistry  : Running the evict task with compensationTime 14ms
2026-09-08T22:00:34.455+05:30  INFO 18364 --- [eureka-server] [a-EvictionTimer] c.n.e.registry.AbstractInstanceRegistry  : Running the evict task with compensationTime 7ms
2026-09-08T22:01:34.468+05:30  INFO 18364 --- [eureka-server] [a-EvictionTimer] c.n.e.registry.AbstractInstanceRegistry  : Running the evict task with compensationTime 12ms
2026-09-08T22:02:34.480+05:30  INFO 18364 --- [eureka-server] [a-EvictionTimer] c.n.e.registry.AbstractInstanceRegistry  : Running the evict task with compensationTime 11ms
2026-09-08T22:03:34.494+05:30  INFO 18364 --- [eureka-server] [a-EvictionTimer] c.n.e.registry.AbstractInstanceRegistry  : Running the evict task with compensationTime 13ms
2026-09-08T22:04:34.508+05:30  INFO 18364 --- [eureka-server] [a-EvictionTimer] c.n.e.registry.AbstractInstanceRegistry  : Running the evict task with compensationTime 13ms
2026-09-08T22:05:32.770+05:30  WARN 18364 --- [eureka-server] [eerNodesUpdater] c.n.eureka.cluster.PeerEurekaNodes       : The replica size seems to be empty. Check the route 53 DNS Registry
2026-09-08T22:05:32.881+05:30  INFO 18364 --- [eureka-server] [hresholdUpdater] c.n.e.r.PeerAwareInstanceRegistryImpl    : Current renewal threshold is : 13
2026-09-08T22:05:34.524+05:30  INFO 18364 --- [eureka-server] [a-EvictionTimer] c.n.e.registry.AbstractInstanceRegistry  : Running the evict task with compensationTime 14ms
2026-09-08T22:06:34.538+05:30  INFO 18364 --- [eureka-server] [a-EvictionTimer] c.n.e.registry.AbstractInstanceRegistry  : Running the evict task with compensationTime 13ms
2026-09-08T22:07:34.540+05:30  INFO 18364 --- [eureka-server] [a-EvictionTimer] c.n.e.registry.AbstractInstanceRegistry  : Running the evict task with compensationTime 1ms
2026-09-08T22:08:34.546+05:30  INFO 18364 --- [eureka-server] [a-EvictionTimer] c.n.e.registry.AbstractInstanceRegistry  : Running the evict task with compensationTime 5ms
2026-09-08T22:09:34.562+05:30  INFO 18364 --- [eureka-server] [a-EvictionTimer] c.n.e.registry.AbstractInstanceRegistry  : Running the evict task with compensationTime 15ms
2026-09-08T22:10:34.573+05:30  INFO 18364 --- [eureka-server] [a-EvictionTimer] c.n.e.registry.AbstractInstanceRegistry  : Running the evict task with compensationTime 9ms
2026-09-08T22:11:34.584+05:30  INFO 18364 --- [eureka-server] [a-EvictionTimer] c.n.e.registry.AbstractInstanceRegistry  : Running the evict task with compensationTime 10ms
2026-09-08T22:12:34.588+05:30  INFO 18364 --- [eureka-server] [a-EvictionTimer] c.n.e.registry.AbstractInstanceRegistry  : Running the evict task with compensationTime 3ms
2026-09-08T22:13:34.597+05:30  INFO 18364 --- [eureka-server] [a-EvictionTimer] c.n.e.registry.AbstractInstanceRegistry  : Running the evict task with compensationTime 8ms
2026-09-08T22:14:34.609+05:30  INFO 18364 --- [eureka-server] [a-EvictionTimer] c.n.e.registry.AbstractInstanceRegistry  : Running the evict task with compensationTime 12ms
2026-09-08T22:15:32.787+05:30  WARN 18364 --- [eureka-server] [eerNodesUpdater] c.n.eureka.cluster.PeerEurekaNodes       : The replica size seems to be empty. Check the route 53 DNS Registry
2026-09-08T22:15:34.623+05:30  INFO 18364 --- [eureka-server] [a-EvictionTimer] c.n.e.registry.AbstractInstanceRegistry  : Running the evict task with compensationTime 13ms
2026-09-08T22:16:34.634+05:30  INFO 18364 --- [eureka-server] [a-EvictionTimer] c.n.e.registry.AbstractInstanceRegistry  : Running the evict task with compensationTime 10ms
2026-09-08T22:17:34.640+05:30  INFO 18364 --- [eureka-server] [a-EvictionTimer] c.n.e.registry.AbstractInstanceRegistry  : Running the evict task with compensationTime 5ms
2026-09-08T22:18:34.653+05:30  INFO 18364 --- [eureka-server] [a-EvictionTimer] c.n.e.registry.AbstractInstanceRegistry  : Running the evict task with compensationTime 12ms
2026-09-08T22:19:34.659+05:30  INFO 18364 --- [eureka-server] [a-EvictionTimer] c.n.e.registry.AbstractInstanceRegistry  : Running the evict task with compensationTime 6ms
2026-09-08T22:20:32.899+05:30  INFO 18364 --- [eureka-server] [hresholdUpdater] c.n.e.r.PeerAwareInstanceRegistryImpl    : Current renewal threshold is : 13
2026-09-08T22:20:34.674+05:30  INFO 18364 --- [eureka-server] [a-EvictionTimer] c.n.e.registry.AbstractInstanceRegistry  : Running the evict task with compensationTime 14ms
2026-09-08T22:21:34.679+05:30  INFO 18364 --- [eureka-server] [a-EvictionTimer] c.n.e.registry.AbstractInstanceRegistry  : Running the evict task with compensationTime 4ms
2026-09-08T22:22:34.688+05:30  INFO 18364 --- [eureka-server] [a-EvictionTimer] c.n.e.registry.AbstractInstanceRegistry  : Running the evict task with compensationTime 8ms
2026-09-08T22:23:34.693+05:30  INFO 18364 --- [eureka-server] [a-EvictionTimer] c.n.e.registry.AbstractInstanceRegistry  : Running the evict task with compensationTime 4ms
2026-09-08T22:24:34.706+05:30  INFO 18364 --- [eureka-server] [a-EvictionTimer] c.n.e.registry.AbstractInstanceRegistry  : Running the evict task with compensationTime 11ms
2026-09-08T22:25:32.800+05:30  WARN 18364 --- [eureka-server] [eerNodesUpdater] c.n.eureka.cluster.PeerEurekaNodes       : The replica size seems to be empty. Check the route 53 DNS Registry
2026-09-08T22:25:34.719+05:30  INFO 18364 --- [eureka-server] [a-EvictionTimer] c.n.e.registry.AbstractInstanceRegistry  : Running the evict task with compensationTime 12ms
2026-09-08T22:26:34.720+05:30  INFO 18364 --- [eureka-server] [a-EvictionTimer] c.n.e.registry.AbstractInstanceRegistry  : Running the evict task with compensationTime 1ms
2026-09-08T22:27:34.731+05:30  INFO 18364 --- [eureka-server] [a-EvictionTimer] c.n.e.registry.AbstractInstanceRegistry  : Running the evict task with compensationTime 10ms
2026-09-08T22:28:34.739+05:30  INFO 18364 --- [eureka-server] [a-EvictionTimer] c.n.e.registry.AbstractInstanceRegistry  : Running the evict task with compensationTime 7ms
2026-09-08T22:29:34.746+05:30  INFO 18364 --- [eureka-server] [a-EvictionTimer] c.n.e.registry.AbstractInstanceRegistry  : Running the evict task with compensationTime 7ms
2026-09-08T22:30:34.748+05:30  INFO 18364 --- [eureka-server] [a-EvictionTimer] c.n.e.registry.AbstractInstanceRegistry  : Running the evict task with compensationTime 1ms
2026-09-08T22:31:34.753+05:30  INFO 18364 --- [eureka-server] [a-EvictionTimer] c.n.e.registry.AbstractInstanceRegistry  : Running the evict task with compensationTime 5ms
2026-09-08T22:32:34.761+05:30  INFO 18364 --- [eureka-server] [a-EvictionTimer] c.n.e.registry.AbstractInstanceRegistry  : Running the evict task with compensationTime 7ms
2026-09-08T22:33:34.763+05:30  INFO 18364 --- [eureka-server] [a-EvictionTimer] c.n.e.registry.AbstractInstanceRegistry  : Running the evict task with compensationTime 1ms
2026-09-08T22:34:34.770+05:30  INFO 18364 --- [eureka-server] [a-EvictionTimer] c.n.e.registry.AbstractInstanceRegistry  : Running the evict task with compensationTime 6ms
2026-09-08T22:35:32.806+05:30  WARN 18364 --- [eureka-server] [eerNodesUpdater] c.n.eureka.cluster.PeerEurekaNodes       : The replica size seems to be empty. Check the route 53 DNS Registry
2026-09-08T22:35:32.916+05:30  INFO 18364 --- [eureka-server] [hresholdUpdater] c.n.e.r.PeerAwareInstanceRegistryImpl    : Current renewal threshold is : 13
2026-09-08T22:35:34.783+05:30  INFO 18364 --- [eureka-server] [a-EvictionTimer] c.n.e.registry.AbstractInstanceRegistry  : Running the evict task with compensationTime 12ms
2026-09-08T22:36:34.798+05:30  INFO 18364 --- [eureka-server] [a-EvictionTimer] c.n.e.registry.AbstractInstanceRegistry  : Running the evict task with compensationTime 15ms
2026-09-08T22:37:34.804+05:30  INFO 18364 --- [eureka-server] [a-EvictionTimer] c.n.e.registry.AbstractInstanceRegistry  : Running the evict task with compensationTime 5ms
2026-09-08T22:38:34.807+05:30  INFO 18364 --- [eureka-server] [a-EvictionTimer] c.n.e.registry.AbstractInstanceRegistry  : Running the evict task with compensationTime 2ms
2026-09-08T22:39:34.821+05:30  INFO 18364 --- [eureka-server] [a-EvictionTimer] c.n.e.registry.AbstractInstanceRegistry  : Running the evict task with compensationTime 13ms
2026-09-08T22:40:34.828+05:30  INFO 18364 --- [eureka-server] [a-EvictionTimer] c.n.e.registry.AbstractInstanceRegistry  : Running the evict task with compensationTime 7ms
2026-09-08T22:41:34.836+05:30  INFO 18364 --- [eureka-server] [a-EvictionTimer] c.n.e.registry.AbstractInstanceRegistry  : Running the evict task with compensationTime 7ms
2026-09-08T22:42:34.849+05:30  INFO 18364 --- [eureka-server] [a-EvictionTimer] c.n.e.registry.AbstractInstanceRegistry  : Running the evict task with compensationTime 12ms
2026-09-08T22:43:34.859+05:30  INFO 18364 --- [eureka-server] [a-EvictionTimer] c.n.e.registry.AbstractInstanceRegistry  : Running the evict task with compensationTime 10ms
2026-09-08T22:44:34.868+05:30  INFO 18364 --- [eureka-server] [a-EvictionTimer] c.n.e.registry.AbstractInstanceRegistry  : Running the evict task with compensationTime 8ms
2026-09-08T22:45:32.822+05:30  WARN 18364 --- [eureka-server] [eerNodesUpdater] c.n.eureka.cluster.PeerEurekaNodes       : The replica size seems to be empty. Check the route 53 DNS Registry
2026-09-08T22:45:34.881+05:30  INFO 18364 --- [eureka-server] [a-EvictionTimer] c.n.e.registry.AbstractInstanceRegistry  : Running the evict task with compensationTime 12ms
2026-09-08T22:46:34.885+05:30  INFO 18364 --- [eureka-server] [a-EvictionTimer] c.n.e.registry.AbstractInstanceRegistry  : Running the evict task with compensationTime 3ms
2026-09-08T22:47:34.895+05:30  INFO 18364 --- [eureka-server] [a-EvictionTimer] c.n.e.registry.AbstractInstanceRegistry  : Running the evict task with compensationTime 9ms
2026-09-08T22:48:34.911+05:30  INFO 18364 --- [eureka-server] [a-EvictionTimer] c.n.e.registry.AbstractInstanceRegistry  : Running the evict task with compensationTime 15ms
2026-09-08T22:49:34.913+05:30  INFO 18364 --- [eureka-server] [a-EvictionTimer] c.n.e.registry.AbstractInstanceRegistry  : Running the evict task with compensationTime 2ms
2026-09-08T22:50:32.935+05:30  INFO 18364 --- [eureka-server] [hresholdUpdater] c.n.e.r.PeerAwareInstanceRegistryImpl    : Current renewal threshold is : 13
2026-09-08T22:50:34.919+05:30  INFO 18364 --- [eureka-server] [a-EvictionTimer] c.n.e.registry.AbstractInstanceRegistry  : Running the evict task with compensationTime 5ms
2026-09-08T22:51:34.930+05:30  INFO 18364 --- [eureka-server] [a-EvictionTimer] c.n.e.registry.AbstractInstanceRegistry  : Running the evict task with compensationTime 11ms
2026-09-08T22:52:34.937+05:30  INFO 18364 --- [eureka-server] [a-EvictionTimer] c.n.e.registry.AbstractInstanceRegistry  : Running the evict task with compensationTime 6ms
2026-09-08T22:53:34.942+05:30  INFO 18364 --- [eureka-server] [a-EvictionTimer] c.n.e.registry.AbstractInstanceRegistry  : Running the evict task with compensationTime 4ms
2026-09-08T22:54:34.948+05:30  INFO 18364 --- [eureka-server] [a-EvictionTimer] c.n.e.registry.AbstractInstanceRegistry  : Running the evict task with compensationTime 5ms
2026-09-08T22:55:32.829+05:30  WARN 18364 --- [eureka-server] [eerNodesUpdater] c.n.eureka.cluster.PeerEurekaNodes       : The replica size seems to be empty. Check the route 53 DNS Registry
2026-09-08T22:55:34.958+05:30  INFO 18364 --- [eureka-server] [a-EvictionTimer] c.n.e.registry.AbstractInstanceRegistry  : Running the evict task with compensationTime 9ms
2026-09-08T22:56:34.971+05:30  INFO 18364 --- [eureka-server] [a-EvictionTimer] c.n.e.registry.AbstractInstanceRegistry  : Running the evict task with compensationTime 12ms
2026-09-08T22:57:34.980+05:30  INFO 18364 --- [eureka-server] [a-EvictionTimer] c.n.e.registry.AbstractInstanceRegistry  : Running the evict task with compensationTime 9ms
2026-09-08T22:58:34.985+05:30  INFO 18364 --- [eureka-server] [a-EvictionTimer] c.n.e.registry.AbstractInstanceRegistry  : Running the evict task with compensationTime 4ms
2026-09-08T22:59:34.989+05:30  INFO 18364 --- [eureka-server] [a-EvictionTimer] c.n.e.registry.AbstractInstanceRegistry  : Running the evict task with compensationTime 3ms
2026-09-08T23:00:34.992+05:30  INFO 18364 --- [eureka-server] [a-EvictionTimer] c.n.e.registry.AbstractInstanceRegistry  : Running the evict task with compensationTime 3ms
2026-09-08T23:01:35.006+05:30  INFO 18364 --- [eureka-server] [a-EvictionTimer] c.n.e.registry.AbstractInstanceRegistry  : Running the evict task with compensationTime 13ms
2026-09-08T23:02:35.016+05:30  INFO 18364 --- [eureka-server] [a-EvictionTimer] c.n.e.registry.AbstractInstanceRegistry  : Running the evict task with compensationTime 9ms
2026-09-08T23:03:35.027+05:30  INFO 18364 --- [eureka-server] [a-EvictionTimer] c.n.e.registry.AbstractInstanceRegistry  : Running the evict task with compensationTime 10ms
2026-09-08T23:04:35.040+05:30  INFO 18364 --- [eureka-server] [a-EvictionTimer] c.n.e.registry.AbstractInstanceRegistry  : Running the evict task with compensationTime 13ms
2026-09-08T23:05:32.834+05:30  WARN 18364 --- [eureka-server] [eerNodesUpdater] c.n.eureka.cluster.PeerEurekaNodes       : The replica size seems to be empty. Check the route 53 DNS Registry
2026-09-08T23:05:32.942+05:30  INFO 18364 --- [eureka-server] [hresholdUpdater] c.n.e.r.PeerAwareInstanceRegistryImpl    : Current renewal threshold is : 13
2026-09-08T23:05:35.043+05:30  INFO 18364 --- [eureka-server] [a-EvictionTimer] c.n.e.registry.AbstractInstanceRegistry  : Running the evict task with compensationTime 2ms
2026-09-08T23:06:35.049+05:30  INFO 18364 --- [eureka-server] [a-EvictionTimer] c.n.e.registry.AbstractInstanceRegistry  : Running the evict task with compensationTime 5ms
2026-09-08T23:07:35.064+05:30  INFO 18364 --- [eureka-server] [a-EvictionTimer] c.n.e.registry.AbstractInstanceRegistry  : Running the evict task with compensationTime 14ms
2026-09-08T23:08:35.072+05:30  INFO 18364 --- [eureka-server] [a-EvictionTimer] c.n.e.registry.AbstractInstanceRegistry  : Running the evict task with compensationTime 8ms
2026-09-08T23:09:35.088+05:30  INFO 18364 --- [eureka-server] [a-EvictionTimer] c.n.e.registry.AbstractInstanceRegistry  : Running the evict task with compensationTime 14ms
2026-09-08T23:10:35.093+05:30  INFO 18364 --- [eureka-server] [a-EvictionTimer] c.n.e.registry.AbstractInstanceRegistry  : Running the evict task with compensationTime 5ms
2026-09-08T23:11:35.102+05:30  INFO 18364 --- [eureka-server] [a-EvictionTimer] c.n.e.registry.AbstractInstanceRegistry  : Running the evict task with compensationTime 9ms
2026-09-08T23:12:35.110+05:30  INFO 18364 --- [eureka-server] [a-EvictionTimer] c.n.e.registry.AbstractInstanceRegistry  : Running the evict task with compensationTime 7ms
2026-09-08T23:13:35.116+05:30  INFO 18364 --- [eureka-server] [a-EvictionTimer] c.n.e.registry.AbstractInstanceRegistry  : Running the evict task with compensationTime 5ms
2026-09-08T23:14:35.121+05:30  INFO 18364 --- [eureka-server] [a-EvictionTimer] c.n.e.registry.AbstractInstanceRegistry  : Running the evict task with compensationTime 4ms
2026-09-08T23:15:32.847+05:30  WARN 18364 --- [eureka-server] [eerNodesUpdater] c.n.eureka.cluster.PeerEurekaNodes       : The replica size seems to be empty. Check the route 53 DNS Registry
2026-09-08T23:15:35.127+05:30  INFO 18364 --- [eureka-server] [a-EvictionTimer] c.n.e.registry.AbstractInstanceRegistry  : Running the evict task with compensationTime 6ms
2026-09-08T23:16:35.128+05:30  INFO 18364 --- [eureka-server] [a-EvictionTimer] c.n.e.registry.AbstractInstanceRegistry  : Running the evict task with compensationTime 0ms
2026-09-08T23:17:35.135+05:30  INFO 18364 --- [eureka-server] [a-EvictionTimer] c.n.e.registry.AbstractInstanceRegistry  : Running the evict task with compensationTime 7ms
2026-09-08T23:18:35.144+05:30  INFO 18364 --- [eureka-server] [a-EvictionTimer] c.n.e.registry.AbstractInstanceRegistry  : Running the evict task with compensationTime 9ms
2026-09-08T23:19:35.157+05:30  INFO 18364 --- [eureka-server] [a-EvictionTimer] c.n.e.registry.AbstractInstanceRegistry  : Running the evict task with compensationTime 12ms
2026-09-08T23:20:32.949+05:30  INFO 18364 --- [eureka-server] [hresholdUpdater] c.n.e.r.PeerAwareInstanceRegistryImpl    : Current renewal threshold is : 13
2026-09-08T23:20:35.166+05:30  INFO 18364 --- [eureka-server] [a-EvictionTimer] c.n.e.registry.AbstractInstanceRegistry  : Running the evict task with compensationTime 8ms
2026-09-08T23:21:35.172+05:30  INFO 18364 --- [eureka-server] [a-EvictionTimer] c.n.e.registry.AbstractInstanceRegistry  : Running the evict task with compensationTime 5ms
2026-09-08T23:22:35.186+05:30  INFO 18364 --- [eureka-server] [a-EvictionTimer] c.n.e.registry.AbstractInstanceRegistry  : Running the evict task with compensationTime 13ms
2026-09-08T23:23:35.197+05:30  INFO 18364 --- [eureka-server] [a-EvictionTimer] c.n.e.registry.AbstractInstanceRegistry  : Running the evict task with compensationTime 10ms
2026-09-08T23:24:35.205+05:30  INFO 18364 --- [eureka-server] [a-EvictionTimer] c.n.e.registry.AbstractInstanceRegistry  : Running the evict task with compensationTime 8ms
2026-09-08T23:25:32.862+05:30  WARN 18364 --- [eureka-server] [eerNodesUpdater] c.n.eureka.cluster.PeerEurekaNodes       : The replica size seems to be empty. Check the route 53 DNS Registry
2026-09-08T23:25:35.211+05:30  INFO 18364 --- [eureka-server] [a-EvictionTimer] c.n.e.registry.AbstractInstanceRegistry  : Running the evict task with compensationTime 5ms
2026-09-08T23:26:35.226+05:30  INFO 18364 --- [eureka-server] [a-EvictionTimer] c.n.e.registry.AbstractInstanceRegistry  : Running the evict task with compensationTime 14ms
2026-09-08T23:27:35.236+05:30  INFO 18364 --- [eureka-server] [a-EvictionTimer] c.n.e.registry.AbstractInstanceRegistry  : Running the evict task with compensationTime 9ms
2026-09-08T23:28:35.240+05:30  INFO 18364 --- [eureka-server] [a-EvictionTimer] c.n.e.registry.AbstractInstanceRegistry  : Running the evict task with compensationTime 4ms
2026-09-08T23:29:35.247+05:30  INFO 18364 --- [eureka-server] [a-EvictionTimer] c.n.e.registry.AbstractInstanceRegistry  : Running the evict task with compensationTime 6ms
2026-09-08T23:30:35.252+05:30  INFO 18364 --- [eureka-server] [a-EvictionTimer] c.n.e.registry.AbstractInstanceRegistry  : Running the evict task with compensationTime 4ms
2026-09-08T23:31:35.256+05:30  INFO 18364 --- [eureka-server] [a-EvictionTimer] c.n.e.registry.AbstractInstanceRegistry  : Running the evict task with compensationTime 3ms
2026-09-08T23:32:35.266+05:30  INFO 18364 --- [eureka-server] [a-EvictionTimer] c.n.e.registry.AbstractInstanceRegistry  : Running the evict task with compensationTime 9ms
2026-09-08T23:33:35.271+05:30  INFO 18364 --- [eureka-server] [a-EvictionTimer] c.n.e.registry.AbstractInstanceRegistry  : Running the evict task with compensationTime 5ms
2026-09-08T23:34:35.281+05:30  INFO 18364 --- [eureka-server] [a-EvictionTimer] c.n.e.registry.AbstractInstanceRegistry  : Running the evict task with compensationTime 9ms
2026-09-08T23:35:32.879+05:30  WARN 18364 --- [eureka-server] [eerNodesUpdater] c.n.eureka.cluster.PeerEurekaNodes       : The replica size seems to be empty. Check the route 53 DNS Registry
2026-09-08T23:35:32.957+05:30  INFO 18364 --- [eureka-server] [hresholdUpdater] c.n.e.r.PeerAwareInstanceRegistryImpl    : Current renewal threshold is : 13
2026-09-08T23:35:35.296+05:30  INFO 18364 --- [eureka-server] [a-EvictionTimer] c.n.e.registry.AbstractInstanceRegistry  : Running the evict task with compensationTime 15ms
2026-09-08T23:36:35.306+05:30  INFO 18364 --- [eureka-server] [a-EvictionTimer] c.n.e.registry.AbstractInstanceRegistry  : Running the evict task with compensationTime 10ms
2026-09-08T23:37:35.316+05:30  INFO 18364 --- [eureka-server] [a-EvictionTimer] c.n.e.registry.AbstractInstanceRegistry  : Running the evict task with compensationTime 10ms
2026-09-08T23:38:35.327+05:30  INFO 18364 --- [eureka-server] [a-EvictionTimer] c.n.e.registry.AbstractInstanceRegistry  : Running the evict task with compensationTime 10ms
2026-09-08T23:39:35.333+05:30  INFO 18364 --- [eureka-server] [a-EvictionTimer] c.n.e.registry.AbstractInstanceRegistry  : Running the evict task with compensationTime 6ms
2026-09-08T23:40:35.337+05:30  INFO 18364 --- [eureka-server] [a-EvictionTimer] c.n.e.registry.AbstractInstanceRegistry  : Running the evict task with compensationTime 3ms
2026-09-08T23:41:35.347+05:30  INFO 18364 --- [eureka-server] [a-EvictionTimer] c.n.e.registry.AbstractInstanceRegistry  : Running the evict task with compensationTime 9ms
2026-09-08T23:42:35.360+05:30  INFO 18364 --- [eureka-server] [a-EvictionTimer] c.n.e.registry.AbstractInstanceRegistry  : Running the evict task with compensationTime 13ms
2026-09-08T23:43:35.374+05:30  INFO 18364 --- [eureka-server] [a-EvictionTimer] c.n.e.registry.AbstractInstanceRegistry  : Running the evict task with compensationTime 13ms
2026-09-08T23:44:35.383+05:30  INFO 18364 --- [eureka-server] [a-EvictionTimer] c.n.e.registry.AbstractInstanceRegistry  : Running the evict task with compensationTime 8ms
2026-09-08T23:45:32.896+05:30  WARN 18364 --- [eureka-server] [eerNodesUpdater] c.n.eureka.cluster.PeerEurekaNodes       : The replica size seems to be empty. Check the route 53 DNS Registry
2026-09-08T23:45:35.395+05:30  INFO 18364 --- [eureka-server] [a-EvictionTimer] c.n.e.registry.AbstractInstanceRegistry  : Running the evict task with compensationTime 11ms
2026-09-08T23:46:35.406+05:30  INFO 18364 --- [eureka-server] [a-EvictionTimer] c.n.e.registry.AbstractInstanceRegistry  : Running the evict task with compensationTime 11ms
2026-09-08T23:47:35.416+05:30  INFO 18364 --- [eureka-server] [a-EvictionTimer] c.n.e.registry.AbstractInstanceRegistry  : Running the evict task with compensationTime 9ms
2026-09-08T23:48:35.430+05:30  INFO 18364 --- [eureka-server] [a-EvictionTimer] c.n.e.registry.AbstractInstanceRegistry  : Running the evict task with compensationTime 13ms
2026-09-08T23:49:35.445+05:30  INFO 18364 --- [eureka-server] [a-EvictionTimer] c.n.e.registry.AbstractInstanceRegistry  : Running the evict task with compensationTime 14ms
2026-09-08T23:50:32.961+05:30  INFO 18364 --- [eureka-server] [hresholdUpdater] c.n.e.r.PeerAwareInstanceRegistryImpl    : Current renewal threshold is : 13
2026-09-08T23:50:35.456+05:30  INFO 18364 --- [eureka-server] [a-EvictionTimer] c.n.e.registry.AbstractInstanceRegistry  : Running the evict task with compensationTime 10ms
2026-09-08T23:51:35.466+05:30  INFO 18364 --- [eureka-server] [a-EvictionTimer] c.n.e.registry.AbstractInstanceRegistry  : Running the evict task with compensationTime 10ms
2026-09-08T23:52:35.477+05:30  INFO 18364 --- [eureka-server] [a-EvictionTimer] c.n.e.registry.AbstractInstanceRegistry  : Running the evict task with compensationTime 10ms
2026-09-08T23:53:35.481+05:30  INFO 18364 --- [eureka-server] [a-EvictionTimer] c.n.e.registry.AbstractInstanceRegistry  : Running the evict task with compensationTime 3ms
2026-09-08T23:54:35.496+05:30  INFO 18364 --- [eureka-server] [a-EvictionTimer] c.n.e.registry.AbstractInstanceRegistry  : Running the evict task with compensationTime 14ms
2026-09-08T23:55:32.910+05:30  WARN 18364 --- [eureka-server] [eerNodesUpdater] c.n.eureka.cluster.PeerEurekaNodes       : The replica size seems to be empty. Check the route 53 DNS Registry
2026-09-08T23:55:35.502+05:30  INFO 18364 --- [eureka-server] [a-EvictionTimer] c.n.e.registry.AbstractInstanceRegistry  : Running the evict task with compensationTime 5ms
2026-09-08T23:56:35.513+05:30  INFO 18364 --- [eureka-server] [a-EvictionTimer] c.n.e.registry.AbstractInstanceRegistry  : Running the evict task with compensationTime 11ms
2026-09-08T23:57:35.524+05:30  INFO 18364 --- [eureka-server] [a-EvictionTimer] c.n.e.registry.AbstractInstanceRegistry  : Running the evict task with compensationTime 10ms
2026-09-08T23:58:35.533+05:30  INFO 18364 --- [eureka-server] [a-EvictionTimer] c.n.e.registry.AbstractInstanceRegistry  : Running the evict task with compensationTime 9ms
2026-09-08T23:59:35.540+05:30  INFO 18364 --- [eureka-server] [a-EvictionTimer] c.n.e.registry.AbstractInstanceRegistry  : Running the evict task with compensationTime 7ms
2026-09-09T00:00:35.541+05:30  INFO 18364 --- [eureka-server] [a-EvictionTimer] c.n.e.registry.AbstractInstanceRegistry  : Running the evict task with compensationTime 0ms
2026-09-09T00:01:35.549+05:30  INFO 18364 --- [eureka-server] [a-EvictionTimer] c.n.e.registry.AbstractInstanceRegistry  : Running the evict task with compensationTime 8ms
2026-09-09T00:02:35.564+05:30  INFO 18364 --- [eureka-server] [a-EvictionTimer] c.n.e.registry.AbstractInstanceRegistry  : Running the evict task with compensationTime 14ms
2026-09-09T00:03:35.575+05:30  INFO 18364 --- [eureka-server] [a-EvictionTimer] c.n.e.registry.AbstractInstanceRegistry  : Running the evict task with compensationTime 10ms
2026-09-09T00:04:35.584+05:30  INFO 18364 --- [eureka-server] [a-EvictionTimer] c.n.e.registry.AbstractInstanceRegistry  : Running the evict task with compensationTime 9ms
2026-09-09T00:05:32.921+05:30  WARN 18364 --- [eureka-server] [eerNodesUpdater] c.n.eureka.cluster.PeerEurekaNodes       : The replica size seems to be empty. Check the route 53 DNS Registry
2026-09-09T00:05:32.967+05:30  INFO 18364 --- [eureka-server] [hresholdUpdater] c.n.e.r.PeerAwareInstanceRegistryImpl    : Current renewal threshold is : 13
2026-09-09T00:05:35.590+05:30  INFO 18364 --- [eureka-server] [a-EvictionTimer] c.n.e.registry.AbstractInstanceRegistry  : Running the evict task with compensationTime 5ms
2026-09-09T00:06:35.592+05:30  INFO 18364 --- [eureka-server] [a-EvictionTimer] c.n.e.registry.AbstractInstanceRegistry  : Running the evict task with compensationTime 1ms
2026-09-09T00:07:35.599+05:30  INFO 18364 --- [eureka-server] [a-EvictionTimer] c.n.e.registry.AbstractInstanceRegistry  : Running the evict task with compensationTime 7ms
2026-09-09T00:08:35.604+05:30  INFO 18364 --- [eureka-server] [a-EvictionTimer] c.n.e.registry.AbstractInstanceRegistry  : Running the evict task with compensationTime 5ms
2026-09-09T00:09:35.619+05:30  INFO 18364 --- [eureka-server] [a-EvictionTimer] c.n.e.registry.AbstractInstanceRegistry  : Running the evict task with compensationTime 15ms
2026-09-09T00:10:35.625+05:30  INFO 18364 --- [eureka-server] [a-EvictionTimer] c.n.e.registry.AbstractInstanceRegistry  : Running the evict task with compensationTime 5ms
2026-09-09T00:11:35.633+05:30  INFO 18364 --- [eureka-server] [a-EvictionTimer] c.n.e.registry.AbstractInstanceRegistry  : Running the evict task with compensationTime 7ms
2026-09-09T00:12:35.635+05:30  INFO 18364 --- [eureka-server] [a-EvictionTimer] c.n.e.registry.AbstractInstanceRegistry  : Running the evict task with compensationTime 1ms
2026-09-09T00:13:35.650+05:30  INFO 18364 --- [eureka-server] [a-EvictionTimer] c.n.e.registry.AbstractInstanceRegistry  : Running the evict task with compensationTime 15ms
2026-09-09T00:14:35.653+05:30  INFO 18364 --- [eureka-server] [a-EvictionTimer] c.n.e.registry.AbstractInstanceRegistry  : Running the evict task with compensationTime 2ms
2026-09-09T00:15:32.935+05:30  WARN 18364 --- [eureka-server] [eerNodesUpdater] c.n.eureka.cluster.PeerEurekaNodes       : The replica size seems to be empty. Check the route 53 DNS Registry
2026-09-09T00:15:35.665+05:30  INFO 18364 --- [eureka-server] [a-EvictionTimer] c.n.e.registry.AbstractInstanceRegistry  : Running the evict task with compensationTime 12ms
2026-09-09T00:16:35.681+05:30  INFO 18364 --- [eureka-server] [a-EvictionTimer] c.n.e.registry.AbstractInstanceRegistry  : Running the evict task with compensationTime 15ms
2026-09-09T00:17:35.688+05:30  INFO 18364 --- [eureka-server] [a-EvictionTimer] c.n.e.registry.AbstractInstanceRegistry  : Running the evict task with compensationTime 7ms
2026-09-09T00:18:35.700+05:30  INFO 18364 --- [eureka-server] [a-EvictionTimer] c.n.e.registry.AbstractInstanceRegistry  : Running the evict task with compensationTime 12ms
2026-09-09T00:19:35.711+05:30  INFO 18364 --- [eureka-server] [a-EvictionTimer] c.n.e.registry.AbstractInstanceRegistry  : Running the evict task with compensationTime 11ms
2026-09-09T00:20:32.980+05:30  INFO 18364 --- [eureka-server] [hresholdUpdater] c.n.e.r.PeerAwareInstanceRegistryImpl    : Current renewal threshold is : 13
2026-09-09T00:20:35.722+05:30  INFO 18364 --- [eureka-server] [a-EvictionTimer] c.n.e.registry.AbstractInstanceRegistry  : Running the evict task with compensationTime 10ms
2026-09-09T00:21:35.732+05:30  INFO 18364 --- [eureka-server] [a-EvictionTimer] c.n.e.registry.AbstractInstanceRegistry  : Running the evict task with compensationTime 9ms
2026-09-09T00:22:35.741+05:30  INFO 18364 --- [eureka-server] [a-EvictionTimer] c.n.e.registry.AbstractInstanceRegistry  : Running the evict task with compensationTime 8ms
2026-09-09T00:23:35.754+05:30  INFO 18364 --- [eureka-server] [a-EvictionTimer] c.n.e.registry.AbstractInstanceRegistry  : Running the evict task with compensationTime 13ms
2026-09-09T00:24:35.766+05:30  INFO 18364 --- [eureka-server] [a-EvictionTimer] c.n.e.registry.AbstractInstanceRegistry  : Running the evict task with compensationTime 12ms
2026-09-09T00:25:32.945+05:30  WARN 18364 --- [eureka-server] [eerNodesUpdater] c.n.eureka.cluster.PeerEurekaNodes       : The replica size seems to be empty. Check the route 53 DNS Registry
2026-09-09T00:25:35.769+05:30  INFO 18364 --- [eureka-server] [a-EvictionTimer] c.n.e.registry.AbstractInstanceRegistry  : Running the evict task with compensationTime 2ms
2026-09-09T00:26:35.777+05:30  INFO 18364 --- [eureka-server] [a-EvictionTimer] c.n.e.registry.AbstractInstanceRegistry  : Running the evict task with compensationTime 8ms
2026-09-09T00:27:35.792+05:30  INFO 18364 --- [eureka-server] [a-EvictionTimer] c.n.e.registry.AbstractInstanceRegistry  : Running the evict task with compensationTime 14ms
2026-09-09T00:28:35.803+05:30  INFO 18364 --- [eureka-server] [a-EvictionTimer] c.n.e.registry.AbstractInstanceRegistry  : Running the evict task with compensationTime 11ms
2026-09-09T00:29:35.804+05:30  INFO 18364 --- [eureka-server] [a-EvictionTimer] c.n.e.registry.AbstractInstanceRegistry  : Running the evict task with compensationTime 0ms
2026-09-09T00:30:35.817+05:30  INFO 18364 --- [eureka-server] [a-EvictionTimer] c.n.e.registry.AbstractInstanceRegistry  : Running the evict task with compensationTime 12ms
2026-09-09T00:31:35.830+05:30  INFO 18364 --- [eureka-server] [a-EvictionTimer] c.n.e.registry.AbstractInstanceRegistry  : Running the evict task with compensationTime 13ms
2026-09-09T00:32:35.844+05:30  INFO 18364 --- [eureka-server] [a-EvictionTimer] c.n.e.registry.AbstractInstanceRegistry  : Running the evict task with compensationTime 13ms
2026-09-09T00:33:35.854+05:30  INFO 18364 --- [eureka-server] [a-EvictionTimer] c.n.e.registry.AbstractInstanceRegistry  : Running the evict task with compensationTime 10ms
2026-09-09T00:34:35.856+05:30  INFO 18364 --- [eureka-server] [a-EvictionTimer] c.n.e.registry.AbstractInstanceRegistry  : Running the evict task with compensationTime 1ms
2026-09-09T00:35:32.962+05:30  WARN 18364 --- [eureka-server] [eerNodesUpdater] c.n.eureka.cluster.PeerEurekaNodes       : The replica size seems to be empty. Check the route 53 DNS Registry
2026-09-09T00:35:32.992+05:30  INFO 18364 --- [eureka-server] [hresholdUpdater] c.n.e.r.PeerAwareInstanceRegistryImpl    : Current renewal threshold is : 13
2026-09-09T00:35:35.862+05:30  INFO 18364 --- [eureka-server] [a-EvictionTimer] c.n.e.registry.AbstractInstanceRegistry  : Running the evict task with compensationTime 6ms
2026-09-09T00:36:35.877+05:30  INFO 18364 --- [eureka-server] [a-EvictionTimer] c.n.e.registry.AbstractInstanceRegistry  : Running the evict task with compensationTime 14ms
2026-09-09T00:37:35.891+05:30  INFO 18364 --- [eureka-server] [a-EvictionTimer] c.n.e.registry.AbstractInstanceRegistry  : Running the evict task with compensationTime 13ms
2026-09-09T00:38:35.903+05:30  INFO 18364 --- [eureka-server] [a-EvictionTimer] c.n.e.registry.AbstractInstanceRegistry  : Running the evict task with compensationTime 11ms
2026-09-09T00:39:35.907+05:30  INFO 18364 --- [eureka-server] [a-EvictionTimer] c.n.e.registry.AbstractInstanceRegistry  : Running the evict task with compensationTime 4ms
2026-09-09T00:40:35.918+05:30  INFO 18364 --- [eureka-server] [a-EvictionTimer] c.n.e.registry.AbstractInstanceRegistry  : Running the evict task with compensationTime 10ms
2026-09-09T00:41:35.930+05:30  INFO 18364 --- [eureka-server] [a-EvictionTimer] c.n.e.registry.AbstractInstanceRegistry  : Running the evict task with compensationTime 11ms
2026-09-09T00:42:35.931+05:30  INFO 18364 --- [eureka-server] [a-EvictionTimer] c.n.e.registry.AbstractInstanceRegistry  : Running the evict task with compensationTime 1ms
2026-09-09T00:43:35.935+05:30  INFO 18364 --- [eureka-server] [a-EvictionTimer] c.n.e.registry.AbstractInstanceRegistry  : Running the evict task with compensationTime 3ms
2026-09-09T00:44:35.940+05:30  INFO 18364 --- [eureka-server] [a-EvictionTimer] c.n.e.registry.AbstractInstanceRegistry  : Running the evict task with compensationTime 4ms
2026-09-09T00:45:32.979+05:30  WARN 18364 --- [eureka-server] [eerNodesUpdater] c.n.eureka.cluster.PeerEurekaNodes       : The replica size seems to be empty. Check the route 53 DNS Registry
2026-09-09T00:45:35.941+05:30  INFO 18364 --- [eureka-server] [a-EvictionTimer] c.n.e.registry.AbstractInstanceRegistry  : Running the evict task with compensationTime 1ms
2026-09-09T00:46:35.954+05:30  INFO 18364 --- [eureka-server] [a-EvictionTimer] c.n.e.registry.AbstractInstanceRegistry  : Running the evict task with compensationTime 12ms
2026-09-09T00:47:35.957+05:30  INFO 18364 --- [eureka-server] [a-EvictionTimer] c.n.e.registry.AbstractInstanceRegistry  : Running the evict task with compensationTime 3ms
2026-09-09T00:48:35.971+05:30  INFO 18364 --- [eureka-server] [a-EvictionTimer] c.n.e.registry.AbstractInstanceRegistry  : Running the evict task with compensationTime 13ms
2026-09-09T00:49:35.973+05:30  INFO 18364 --- [eureka-server] [a-EvictionTimer] c.n.e.registry.AbstractInstanceRegistry  : Running the evict task with compensationTime 2ms
2026-09-09T00:50:33.008+05:30  INFO 18364 --- [eureka-server] [hresholdUpdater] c.n.e.r.PeerAwareInstanceRegistryImpl    : Current renewal threshold is : 13
2026-09-09T00:50:35.974+05:30  INFO 18364 --- [eureka-server] [a-EvictionTimer] c.n.e.registry.AbstractInstanceRegistry  : Running the evict task with compensationTime 0ms
2026-09-09T00:51:35.982+05:30  INFO 18364 --- [eureka-server] [a-EvictionTimer] c.n.e.registry.AbstractInstanceRegistry  : Running the evict task with compensationTime 8ms
2026-09-09T00:52:35.995+05:30  INFO 18364 --- [eureka-server] [a-EvictionTimer] c.n.e.registry.AbstractInstanceRegistry  : Running the evict task with compensationTime 12ms
2026-09-09T00:53:36.005+05:30  INFO 18364 --- [eureka-server] [a-EvictionTimer] c.n.e.registry.AbstractInstanceRegistry  : Running the evict task with compensationTime 10ms
2026-09-09T00:54:36.014+05:30  INFO 18364 --- [eureka-server] [a-EvictionTimer] c.n.e.registry.AbstractInstanceRegistry  : Running the evict task with compensationTime 8ms
2026-09-09T00:55:32.991+05:30  WARN 18364 --- [eureka-server] [eerNodesUpdater] c.n.eureka.cluster.PeerEurekaNodes       : The replica size seems to be empty. Check the route 53 DNS Registry
2026-09-09T00:55:36.025+05:30  INFO 18364 --- [eureka-server] [a-EvictionTimer] c.n.e.registry.AbstractInstanceRegistry  : Running the evict task with compensationTime 11ms
2026-09-09T00:56:36.036+05:30  INFO 18364 --- [eureka-server] [a-EvictionTimer] c.n.e.registry.AbstractInstanceRegistry  : Running the evict task with compensationTime 10ms
2026-09-09T00:57:36.039+05:30  INFO 18364 --- [eureka-server] [a-EvictionTimer] c.n.e.registry.AbstractInstanceRegistry  : Running the evict task with compensationTime 2ms
2026-09-09T00:58:36.053+05:30  INFO 18364 --- [eureka-server] [a-EvictionTimer] c.n.e.registry.AbstractInstanceRegistry  : Running the evict task with compensationTime 14ms
2026-09-09T00:59:36.059+05:30  INFO 18364 --- [eureka-server] [a-EvictionTimer] c.n.e.registry.AbstractInstanceRegistry  : Running the evict task with compensationTime 5ms
2026-09-09T01:00:36.073+05:30  INFO 18364 --- [eureka-server] [a-EvictionTimer] c.n.e.registry.AbstractInstanceRegistry  : Running the evict task with compensationTime 14ms
2026-09-09T01:01:36.078+05:30  INFO 18364 --- [eureka-server] [a-EvictionTimer] c.n.e.registry.AbstractInstanceRegistry  : Running the evict task with compensationTime 4ms
2026-09-09T01:02:36.085+05:30  INFO 18364 --- [eureka-server] [a-EvictionTimer] c.n.e.registry.AbstractInstanceRegistry  : Running the evict task with compensationTime 6ms
2026-09-09T01:03:36.099+05:30  INFO 18364 --- [eureka-server] [a-EvictionTimer] c.n.e.registry.AbstractInstanceRegistry  : Running the evict task with compensationTime 14ms
2026-09-09T01:04:36.102+05:30  INFO 18364 --- [eureka-server] [a-EvictionTimer] c.n.e.registry.AbstractInstanceRegistry  : Running the evict task with compensationTime 2ms
2026-09-09T01:05:33.003+05:30  WARN 18364 --- [eureka-server] [eerNodesUpdater] c.n.eureka.cluster.PeerEurekaNodes       : The replica size seems to be empty. Check the route 53 DNS Registry
2026-09-09T01:05:33.019+05:30  INFO 18364 --- [eureka-server] [hresholdUpdater] c.n.e.r.PeerAwareInstanceRegistryImpl    : Current renewal threshold is : 13
2026-09-09T01:05:36.117+05:30  INFO 18364 --- [eureka-server] [a-EvictionTimer] c.n.e.registry.AbstractInstanceRegistry  : Running the evict task with compensationTime 15ms
2026-09-09T01:06:36.127+05:30  INFO 18364 --- [eureka-server] [a-EvictionTimer] c.n.e.registry.AbstractInstanceRegistry  : Running the evict task with compensationTime 9ms
2026-09-09T01:07:36.129+05:30  INFO 18364 --- [eureka-server] [a-EvictionTimer] c.n.e.registry.AbstractInstanceRegistry  : Running the evict task with compensationTime 1ms
2026-09-09T01:08:36.138+05:30  INFO 18364 --- [eureka-server] [a-EvictionTimer] c.n.e.registry.AbstractInstanceRegistry  : Running the evict task with compensationTime 8ms
2026-09-09T01:09:36.143+05:30  INFO 18364 --- [eureka-server] [a-EvictionTimer] c.n.e.registry.AbstractInstanceRegistry  : Running the evict task with compensationTime 4ms
2026-09-09T01:10:36.156+05:30  INFO 18364 --- [eureka-server] [a-EvictionTimer] c.n.e.registry.AbstractInstanceRegistry  : Running the evict task with compensationTime 12ms
2026-09-09T01:11:36.156+05:30  INFO 18364 --- [eureka-server] [a-EvictionTimer] c.n.e.registry.AbstractInstanceRegistry  : Running the evict task with compensationTime 0ms
2026-09-09T01:12:36.167+05:30  INFO 18364 --- [eureka-server] [a-EvictionTimer] c.n.e.registry.AbstractInstanceRegistry  : Running the evict task with compensationTime 10ms
2026-09-09T01:13:36.181+05:30  INFO 18364 --- [eureka-server] [a-EvictionTimer] c.n.e.registry.AbstractInstanceRegistry  : Running the evict task with compensationTime 14ms
2026-09-09T01:14:36.189+05:30  INFO 18364 --- [eureka-server] [a-EvictionTimer] c.n.e.registry.AbstractInstanceRegistry  : Running the evict task with compensationTime 7ms
2026-09-09T01:15:33.008+05:30  WARN 18364 --- [eureka-server] [eerNodesUpdater] c.n.eureka.cluster.PeerEurekaNodes       : The replica size seems to be empty. Check the route 53 DNS Registry
2026-09-09T01:15:36.200+05:30  INFO 18364 --- [eureka-server] [a-EvictionTimer] c.n.e.registry.AbstractInstanceRegistry  : Running the evict task with compensationTime 11ms
2026-09-09T01:16:36.209+05:30  INFO 18364 --- [eureka-server] [a-EvictionTimer] c.n.e.registry.AbstractInstanceRegistry  : Running the evict task with compensationTime 8ms
2026-09-09T01:17:36.212+05:30  INFO 18364 --- [eureka-server] [a-EvictionTimer] c.n.e.registry.AbstractInstanceRegistry  : Running the evict task with compensationTime 2ms
2026-09-09T01:18:36.226+05:30  INFO 18364 --- [eureka-server] [a-EvictionTimer] c.n.e.registry.AbstractInstanceRegistry  : Running the evict task with compensationTime 14ms
2026-09-09T01:19:36.239+05:30  INFO 18364 --- [eureka-server] [a-EvictionTimer] c.n.e.registry.AbstractInstanceRegistry  : Running the evict task with compensationTime 12ms
2026-09-09T01:20:33.030+05:30  INFO 18364 --- [eureka-server] [hresholdUpdater] c.n.e.r.PeerAwareInstanceRegistryImpl    : Current renewal threshold is : 13
2026-09-09T01:20:36.248+05:30  INFO 18364 --- [eureka-server] [a-EvictionTimer] c.n.e.registry.AbstractInstanceRegistry  : Running the evict task with compensationTime 8ms
2026-09-09T01:21:36.263+05:30  INFO 18364 --- [eureka-server] [a-EvictionTimer] c.n.e.registry.AbstractInstanceRegistry  : Running the evict task with compensationTime 14ms
2026-09-09T01:22:36.278+05:30  INFO 18364 --- [eureka-server] [a-EvictionTimer] c.n.e.registry.AbstractInstanceRegistry  : Running the evict task with compensationTime 15ms
2026-09-09T01:23:36.289+05:30  INFO 18364 --- [eureka-server] [a-EvictionTimer] c.n.e.registry.AbstractInstanceRegistry  : Running the evict task with compensationTime 10ms
2026-09-09T01:24:36.298+05:30  INFO 18364 --- [eureka-server] [a-EvictionTimer] c.n.e.registry.AbstractInstanceRegistry  : Running the evict task with compensationTime 8ms
2026-09-09T01:25:33.011+05:30  WARN 18364 --- [eureka-server] [eerNodesUpdater] c.n.eureka.cluster.PeerEurekaNodes       : The replica size seems to be empty. Check the route 53 DNS Registry
2026-09-09T01:25:36.311+05:30  INFO 18364 --- [eureka-server] [a-EvictionTimer] c.n.e.registry.AbstractInstanceRegistry  : Running the evict task with compensationTime 13ms
2026-09-09T01:26:36.317+05:30  INFO 18364 --- [eureka-server] [a-EvictionTimer] c.n.e.registry.AbstractInstanceRegistry  : Running the evict task with compensationTime 5ms
2026-09-09T01:27:36.328+05:30  INFO 18364 --- [eureka-server] [a-EvictionTimer] c.n.e.registry.AbstractInstanceRegistry  : Running the evict task with compensationTime 10ms
2026-09-09T01:28:36.334+05:30  INFO 18364 --- [eureka-server] [a-EvictionTimer] c.n.e.registry.AbstractInstanceRegistry  : Running the evict task with compensationTime 5ms
2026-09-09T01:29:36.340+05:30  INFO 18364 --- [eureka-server] [a-EvictionTimer] c.n.e.registry.AbstractInstanceRegistry  : Running the evict task with compensationTime 5ms
2026-09-09T01:30:36.350+05:30  INFO 18364 --- [eureka-server] [a-EvictionTimer] c.n.e.registry.AbstractInstanceRegistry  : Running the evict task with compensationTime 9ms
2026-09-09T01:31:36.353+05:30  INFO 18364 --- [eureka-server] [a-EvictionTimer] c.n.e.registry.AbstractInstanceRegistry  : Running the evict task with compensationTime 3ms
2026-09-09T01:32:36.358+05:30  INFO 18364 --- [eureka-server] [a-EvictionTimer] c.n.e.registry.AbstractInstanceRegistry  : Running the evict task with compensationTime 5ms
2026-09-09T01:33:36.364+05:30  INFO 18364 --- [eureka-server] [a-EvictionTimer] c.n.e.registry.AbstractInstanceRegistry  : Running the evict task with compensationTime 5ms
2026-09-09T01:34:36.369+05:30  INFO 18364 --- [eureka-server] [a-EvictionTimer] c.n.e.registry.AbstractInstanceRegistry  : Running the evict task with compensationTime 5ms
2026-09-09T01:35:33.028+05:30  WARN 18364 --- [eureka-server] [eerNodesUpdater] c.n.eureka.cluster.PeerEurekaNodes       : The replica size seems to be empty. Check the route 53 DNS Registry
2026-09-09T01:35:33.043+05:30  INFO 18364 --- [eureka-server] [hresholdUpdater] c.n.e.r.PeerAwareInstanceRegistryImpl    : Current renewal threshold is : 13
2026-09-09T01:35:36.378+05:30  INFO 18364 --- [eureka-server] [a-EvictionTimer] c.n.e.registry.AbstractInstanceRegistry  : Running the evict task with compensationTime 8ms
2026-09-09T01:36:36.392+05:30  INFO 18364 --- [eureka-server] [a-EvictionTimer] c.n.e.registry.AbstractInstanceRegistry  : Running the evict task with compensationTime 14ms
2026-09-09T01:37:36.398+05:30  INFO 18364 --- [eureka-server] [a-EvictionTimer] c.n.e.registry.AbstractInstanceRegistry  : Running the evict task with compensationTime 5ms
2026-09-09T01:38:36.406+05:30  INFO 18364 --- [eureka-server] [a-EvictionTimer] c.n.e.registry.AbstractInstanceRegistry  : Running the evict task with compensationTime 8ms
2026-09-09T01:39:36.420+05:30  INFO 18364 --- [eureka-server] [a-EvictionTimer] c.n.e.registry.AbstractInstanceRegistry  : Running the evict task with compensationTime 13ms
2026-09-09T01:40:36.425+05:30  INFO 18364 --- [eureka-server] [a-EvictionTimer] c.n.e.registry.AbstractInstanceRegistry  : Running the evict task with compensationTime 5ms
2026-09-09T01:41:36.426+05:30  INFO 18364 --- [eureka-server] [a-EvictionTimer] c.n.e.registry.AbstractInstanceRegistry  : Running the evict task with compensationTime 0ms
2026-09-09T01:42:36.437+05:30  INFO 18364 --- [eureka-server] [a-EvictionTimer] c.n.e.registry.AbstractInstanceRegistry  : Running the evict task with compensationTime 11ms
2026-09-09T01:43:36.441+05:30  INFO 18364 --- [eureka-server] [a-EvictionTimer] c.n.e.registry.AbstractInstanceRegistry  : Running the evict task with compensationTime 3ms
2026-09-09T01:44:36.456+05:30  INFO 18364 --- [eureka-server] [a-EvictionTimer] c.n.e.registry.AbstractInstanceRegistry  : Running the evict task with compensationTime 14ms
2026-09-09T01:45:33.039+05:30  WARN 18364 --- [eureka-server] [eerNodesUpdater] c.n.eureka.cluster.PeerEurekaNodes       : The replica size seems to be empty. Check the route 53 DNS Registry
2026-09-09T01:45:36.462+05:30  INFO 18364 --- [eureka-server] [a-EvictionTimer] c.n.e.registry.AbstractInstanceRegistry  : Running the evict task with compensationTime 6ms
2026-09-09T01:46:36.467+05:30  INFO 18364 --- [eureka-server] [a-EvictionTimer] c.n.e.registry.AbstractInstanceRegistry  : Running the evict task with compensationTime 4ms
2026-09-09T01:47:36.478+05:30  INFO 18364 --- [eureka-server] [a-EvictionTimer] c.n.e.registry.AbstractInstanceRegistry  : Running the evict task with compensationTime 10ms
2026-09-09T01:48:36.485+05:30  INFO 18364 --- [eureka-server] [a-EvictionTimer] c.n.e.registry.AbstractInstanceRegistry  : Running the evict task with compensationTime 7ms
2026-09-09T01:49:36.498+05:30  INFO 18364 --- [eureka-server] [a-EvictionTimer] c.n.e.registry.AbstractInstanceRegistry  : Running the evict task with compensationTime 13ms
2026-09-09T01:50:33.051+05:30  INFO 18364 --- [eureka-server] [hresholdUpdater] c.n.e.r.PeerAwareInstanceRegistryImpl    : Current renewal threshold is : 13
2026-09-09T01:50:36.500+05:30  INFO 18364 --- [eureka-server] [a-EvictionTimer] c.n.e.registry.AbstractInstanceRegistry  : Running the evict task with compensationTime 1ms
2026-09-09T01:51:36.500+05:30  INFO 18364 --- [eureka-server] [a-EvictionTimer] c.n.e.registry.AbstractInstanceRegistry  : Running the evict task with compensationTime 0ms
2026-09-09T01:52:36.504+05:30  INFO 18364 --- [eureka-server] [a-EvictionTimer] c.n.e.registry.AbstractInstanceRegistry  : Running the evict task with compensationTime 3ms
2026-09-09T01:53:36.513+05:30  INFO 18364 --- [eureka-server] [a-EvictionTimer] c.n.e.registry.AbstractInstanceRegistry  : Running the evict task with compensationTime 8ms
2026-09-09T01:54:36.527+05:30  INFO 18364 --- [eureka-server] [a-EvictionTimer] c.n.e.registry.AbstractInstanceRegistry  : Running the evict task with compensationTime 13ms
2026-09-09T01:55:33.052+05:30  WARN 18364 --- [eureka-server] [eerNodesUpdater] c.n.eureka.cluster.PeerEurekaNodes       : The replica size seems to be empty. Check the route 53 DNS Registry
2026-09-09T01:55:36.528+05:30  INFO 18364 --- [eureka-server] [a-EvictionTimer] c.n.e.registry.AbstractInstanceRegistry  : Running the evict task with compensationTime 1ms
2026-09-09T01:56:36.540+05:30  INFO 18364 --- [eureka-server] [a-EvictionTimer] c.n.e.registry.AbstractInstanceRegistry  : Running the evict task with compensationTime 12ms
2026-09-09T01:57:36.553+05:30  INFO 18364 --- [eureka-server] [a-EvictionTimer] c.n.e.registry.AbstractInstanceRegistry  : Running the evict task with compensationTime 12ms
2026-09-09T01:58:36.566+05:30  INFO 18364 --- [eureka-server] [a-EvictionTimer] c.n.e.registry.AbstractInstanceRegistry  : Running the evict task with compensationTime 12ms
2026-09-09T01:59:36.576+05:30  INFO 18364 --- [eureka-server] [a-EvictionTimer] c.n.e.registry.AbstractInstanceRegistry  : Running the evict task with compensationTime 9ms
2026-09-09T02:00:36.581+05:30  INFO 18364 --- [eureka-server] [a-EvictionTimer] c.n.e.registry.AbstractInstanceRegistry  : Running the evict task with compensationTime 5ms
2026-09-09T02:01:36.594+05:30  INFO 18364 --- [eureka-server] [a-EvictionTimer] c.n.e.registry.AbstractInstanceRegistry  : Running the evict task with compensationTime 13ms
2026-09-09T02:02:36.608+05:30  INFO 18364 --- [eureka-server] [a-EvictionTimer] c.n.e.registry.AbstractInstanceRegistry  : Running the evict task with compensationTime 13ms
2026-09-09T02:03:36.622+05:30  INFO 18364 --- [eureka-server] [a-EvictionTimer] c.n.e.registry.AbstractInstanceRegistry  : Running the evict task with compensationTime 14ms
2026-09-09T02:04:36.633+05:30  INFO 18364 --- [eureka-server] [a-EvictionTimer] c.n.e.registry.AbstractInstanceRegistry  : Running the evict task with compensationTime 10ms
2026-09-09T02:05:33.063+05:30  INFO 18364 --- [eureka-server] [hresholdUpdater] c.n.e.r.PeerAwareInstanceRegistryImpl    : Current renewal threshold is : 13
2026-09-09T02:05:33.063+05:30  WARN 18364 --- [eureka-server] [eerNodesUpdater] c.n.eureka.cluster.PeerEurekaNodes       : The replica size seems to be empty. Check the route 53 DNS Registry
2026-09-09T02:05:36.645+05:30  INFO 18364 --- [eureka-server] [a-EvictionTimer] c.n.e.registry.AbstractInstanceRegistry  : Running the evict task with compensationTime 12ms
2026-09-09T02:06:36.657+05:30  INFO 18364 --- [eureka-server] [a-EvictionTimer] c.n.e.registry.AbstractInstanceRegistry  : Running the evict task with compensationTime 11ms
2026-09-09T02:07:36.668+05:30  INFO 18364 --- [eureka-server] [a-EvictionTimer] c.n.e.registry.AbstractInstanceRegistry  : Running the evict task with compensationTime 10ms
2026-09-09T02:08:36.675+05:30  INFO 18364 --- [eureka-server] [a-EvictionTimer] c.n.e.registry.AbstractInstanceRegistry  : Running the evict task with compensationTime 7ms
2026-09-09T02:09:36.677+05:30  INFO 18364 --- [eureka-server] [a-EvictionTimer] c.n.e.registry.AbstractInstanceRegistry  : Running the evict task with compensationTime 2ms
2026-09-09T02:10:36.690+05:30  INFO 18364 --- [eureka-server] [a-EvictionTimer] c.n.e.registry.AbstractInstanceRegistry  : Running the evict task with compensationTime 12ms
2026-09-09T02:11:36.701+05:30  INFO 18364 --- [eureka-server] [a-EvictionTimer] c.n.e.registry.AbstractInstanceRegistry  : Running the evict task with compensationTime 10ms
2026-09-09T02:12:36.706+05:30  INFO 18364 --- [eureka-server] [a-EvictionTimer] c.n.e.registry.AbstractInstanceRegistry  : Running the evict task with compensationTime 5ms
2026-09-09T02:13:36.712+05:30  INFO 18364 --- [eureka-server] [a-EvictionTimer] c.n.e.registry.AbstractInstanceRegistry  : Running the evict task with compensationTime 6ms
2026-09-09T02:14:36.725+05:30  INFO 18364 --- [eureka-server] [a-EvictionTimer] c.n.e.registry.AbstractInstanceRegistry  : Running the evict task with compensationTime 12ms
2026-09-09T02:15:33.069+05:30  WARN 18364 --- [eureka-server] [eerNodesUpdater] c.n.eureka.cluster.PeerEurekaNodes       : The replica size seems to be empty. Check the route 53 DNS Registry
2026-09-09T02:15:36.738+05:30  INFO 18364 --- [eureka-server] [a-EvictionTimer] c.n.e.registry.AbstractInstanceRegistry  : Running the evict task with compensationTime 13ms
2026-09-09T02:16:36.751+05:30  INFO 18364 --- [eureka-server] [a-EvictionTimer] c.n.e.registry.AbstractInstanceRegistry  : Running the evict task with compensationTime 13ms
2026-09-09T02:17:36.758+05:30  INFO 18364 --- [eureka-server] [a-EvictionTimer] c.n.e.registry.AbstractInstanceRegistry  : Running the evict task with compensationTime 6ms
2026-09-09T02:18:36.762+05:30  INFO 18364 --- [eureka-server] [a-EvictionTimer] c.n.e.registry.AbstractInstanceRegistry  : Running the evict task with compensationTime 3ms
2026-09-09T02:19:36.776+05:30  INFO 18364 --- [eureka-server] [a-EvictionTimer] c.n.e.registry.AbstractInstanceRegistry  : Running the evict task with compensationTime 14ms
2026-09-09T02:20:33.065+05:30  INFO 18364 --- [eureka-server] [hresholdUpdater] c.n.e.r.PeerAwareInstanceRegistryImpl    : Current renewal threshold is : 13
2026-09-09T02:20:36.781+05:30  INFO 18364 --- [eureka-server] [a-EvictionTimer] c.n.e.registry.AbstractInstanceRegistry  : Running the evict task with compensationTime 4ms
2026-09-09T02:21:36.788+05:30  INFO 18364 --- [eureka-server] [a-EvictionTimer] c.n.e.registry.AbstractInstanceRegistry  : Running the evict task with compensationTime 7ms
2026-09-09T02:22:36.800+05:30  INFO 18364 --- [eureka-server] [a-EvictionTimer] c.n.e.registry.AbstractInstanceRegistry  : Running the evict task with compensationTime 12ms
2026-09-09T02:23:36.809+05:30  INFO 18364 --- [eureka-server] [a-EvictionTimer] c.n.e.registry.AbstractInstanceRegistry  : Running the evict task with compensationTime 8ms
2026-09-09T02:24:36.820+05:30  INFO 18364 --- [eureka-server] [a-EvictionTimer] c.n.e.registry.AbstractInstanceRegistry  : Running the evict task with compensationTime 11ms
2026-09-09T02:25:33.084+05:30  WARN 18364 --- [eureka-server] [eerNodesUpdater] c.n.eureka.cluster.PeerEurekaNodes       : The replica size seems to be empty. Check the route 53 DNS Registry
2026-09-09T02:25:36.827+05:30  INFO 18364 --- [eureka-server] [a-EvictionTimer] c.n.e.registry.AbstractInstanceRegistry  : Running the evict task with compensationTime 6ms
2026-09-09T02:26:36.829+05:30  INFO 18364 --- [eureka-server] [a-EvictionTimer] c.n.e.registry.AbstractInstanceRegistry  : Running the evict task with compensationTime 2ms
2026-09-09T02:27:36.837+05:30  INFO 18364 --- [eureka-server] [a-EvictionTimer] c.n.e.registry.AbstractInstanceRegistry  : Running the evict task with compensationTime 7ms
2026-09-09T02:28:36.849+05:30  INFO 18364 --- [eureka-server] [a-EvictionTimer] c.n.e.registry.AbstractInstanceRegistry  : Running the evict task with compensationTime 11ms
2026-09-09T02:29:36.857+05:30  INFO 18364 --- [eureka-server] [a-EvictionTimer] c.n.e.registry.AbstractInstanceRegistry  : Running the evict task with compensationTime 7ms
2026-09-09T02:30:36.860+05:30  INFO 18364 --- [eureka-server] [a-EvictionTimer] c.n.e.registry.AbstractInstanceRegistry  : Running the evict task with compensationTime 3ms
2026-09-09T02:31:36.871+05:30  INFO 18364 --- [eureka-server] [a-EvictionTimer] c.n.e.registry.AbstractInstanceRegistry  : Running the evict task with compensationTime 10ms
2026-09-09T02:32:36.874+05:30  INFO 18364 --- [eureka-server] [a-EvictionTimer] c.n.e.registry.AbstractInstanceRegistry  : Running the evict task with compensationTime 3ms
2026-09-09T02:33:36.884+05:30  INFO 18364 --- [eureka-server] [a-EvictionTimer] c.n.e.registry.AbstractInstanceRegistry  : Running the evict task with compensationTime 9ms
2026-09-09T02:34:36.890+05:30  INFO 18364 --- [eureka-server] [a-EvictionTimer] c.n.e.registry.AbstractInstanceRegistry  : Running the evict task with compensationTime 5ms
2026-09-09T02:35:33.079+05:30  INFO 18364 --- [eureka-server] [hresholdUpdater] c.n.e.r.PeerAwareInstanceRegistryImpl    : Current renewal threshold is : 13
2026-09-09T02:35:33.095+05:30  WARN 18364 --- [eureka-server] [eerNodesUpdater] c.n.eureka.cluster.PeerEurekaNodes       : The replica size seems to be empty. Check the route 53 DNS Registry
2026-09-09T02:35:36.904+05:30  INFO 18364 --- [eureka-server] [a-EvictionTimer] c.n.e.registry.AbstractInstanceRegistry  : Running the evict task with compensationTime 13ms
2026-09-09T02:36:36.918+05:30  INFO 18364 --- [eureka-server] [a-EvictionTimer] c.n.e.registry.AbstractInstanceRegistry  : Running the evict task with compensationTime 14ms
2026-09-09T02:37:36.926+05:30  INFO 18364 --- [eureka-server] [a-EvictionTimer] c.n.e.registry.AbstractInstanceRegistry  : Running the evict task with compensationTime 8ms
2026-09-09T02:38:36.939+05:30  INFO 18364 --- [eureka-server] [a-EvictionTimer] c.n.e.registry.AbstractInstanceRegistry  : Running the evict task with compensationTime 12ms
2026-09-09T02:39:36.944+05:30  INFO 18364 --- [eureka-server] [a-EvictionTimer] c.n.e.registry.AbstractInstanceRegistry  : Running the evict task with compensationTime 4ms
2026-09-09T02:40:36.944+05:30  INFO 18364 --- [eureka-server] [a-EvictionTimer] c.n.e.registry.AbstractInstanceRegistry  : Running the evict task with compensationTime 0ms
2026-09-09T02:41:36.951+05:30  INFO 18364 --- [eureka-server] [a-EvictionTimer] c.n.e.registry.AbstractInstanceRegistry  : Running the evict task with compensationTime 6ms
2026-09-09T02:42:36.955+05:30  INFO 18364 --- [eureka-server] [a-EvictionTimer] c.n.e.registry.AbstractInstanceRegistry  : Running the evict task with compensationTime 4ms
2026-09-09T02:43:36.955+05:30  INFO 18364 --- [eureka-server] [a-EvictionTimer] c.n.e.registry.AbstractInstanceRegistry  : Running the evict task with compensationTime 0ms
2026-09-09T02:44:36.956+05:30  INFO 18364 --- [eureka-server] [a-EvictionTimer] c.n.e.registry.AbstractInstanceRegistry  : Running the evict task with compensationTime 0ms
2026-09-09T02:45:33.107+05:30  WARN 18364 --- [eureka-server] [eerNodesUpdater] c.n.eureka.cluster.PeerEurekaNodes       : The replica size seems to be empty. Check the route 53 DNS Registry
2026-09-09T02:45:36.971+05:30  INFO 18364 --- [eureka-server] [a-EvictionTimer] c.n.e.registry.AbstractInstanceRegistry  : Running the evict task with compensationTime 15ms
2026-09-09T02:46:36.978+05:30  INFO 18364 --- [eureka-server] [a-EvictionTimer] c.n.e.registry.AbstractInstanceRegistry  : Running the evict task with compensationTime 7ms
2026-09-09T02:47:36.981+05:30  INFO 18364 --- [eureka-server] [a-EvictionTimer] c.n.e.registry.AbstractInstanceRegistry  : Running the evict task with compensationTime 2ms
2026-09-09T02:48:36.987+05:30  INFO 18364 --- [eureka-server] [a-EvictionTimer] c.n.e.registry.AbstractInstanceRegistry  : Running the evict task with compensationTime 6ms
2026-09-09T02:49:36.991+05:30  INFO 18364 --- [eureka-server] [a-EvictionTimer] c.n.e.registry.AbstractInstanceRegistry  : Running the evict task with compensationTime 3ms
2026-09-09T02:50:33.089+05:30  INFO 18364 --- [eureka-server] [hresholdUpdater] c.n.e.r.PeerAwareInstanceRegistryImpl    : Current renewal threshold is : 13
2026-09-09T02:50:36.994+05:30  INFO 18364 --- [eureka-server] [a-EvictionTimer] c.n.e.registry.AbstractInstanceRegistry  : Running the evict task with compensationTime 3ms
2026-09-09T02:51:37.001+05:30  INFO 18364 --- [eureka-server] [a-EvictionTimer] c.n.e.registry.AbstractInstanceRegistry  : Running the evict task with compensationTime 7ms
2026-09-09T02:52:37.011+05:30  INFO 18364 --- [eureka-server] [a-EvictionTimer] c.n.e.registry.AbstractInstanceRegistry  : Running the evict task with compensationTime 9ms
2026-09-09T02:53:37.027+05:30  INFO 18364 --- [eureka-server] [a-EvictionTimer] c.n.e.registry.AbstractInstanceRegistry  : Running the evict task with compensationTime 15ms
2026-09-09T02:54:37.040+05:30  INFO 18364 --- [eureka-server] [a-EvictionTimer] c.n.e.registry.AbstractInstanceRegistry  : Running the evict task with compensationTime 13ms
2026-09-09T02:55:33.111+05:30  WARN 18364 --- [eureka-server] [eerNodesUpdater] c.n.eureka.cluster.PeerEurekaNodes       : The replica size seems to be empty. Check the route 53 DNS Registry
2026-09-09T02:55:37.046+05:30  INFO 18364 --- [eureka-server] [a-EvictionTimer] c.n.e.registry.AbstractInstanceRegistry  : Running the evict task with compensationTime 6ms
2026-09-09T02:56:37.053+05:30  INFO 18364 --- [eureka-server] [a-EvictionTimer] c.n.e.registry.AbstractInstanceRegistry  : Running the evict task with compensationTime 6ms
2026-09-09T02:57:37.057+05:30  INFO 18364 --- [eureka-server] [a-EvictionTimer] c.n.e.registry.AbstractInstanceRegistry  : Running the evict task with compensationTime 3ms
2026-09-09T02:58:37.057+05:30  INFO 18364 --- [eureka-server] [a-EvictionTimer] c.n.e.registry.AbstractInstanceRegistry  : Running the evict task with compensationTime 0ms
2026-09-09T02:59:37.063+05:30  INFO 18364 --- [eureka-server] [a-EvictionTimer] c.n.e.registry.AbstractInstanceRegistry  : Running the evict task with compensationTime 5ms
2026-09-09T03:00:37.070+05:30  INFO 18364 --- [eureka-server] [a-EvictionTimer] c.n.e.registry.AbstractInstanceRegistry  : Running the evict task with compensationTime 6ms
2026-09-09T03:01:37.081+05:30  INFO 18364 --- [eureka-server] [a-EvictionTimer] c.n.e.registry.AbstractInstanceRegistry  : Running the evict task with compensationTime 11ms
2026-09-09T03:02:37.089+05:30  INFO 18364 --- [eureka-server] [a-EvictionTimer] c.n.e.registry.AbstractInstanceRegistry  : Running the evict task with compensationTime 8ms
2026-09-09T03:03:37.101+05:30  INFO 18364 --- [eureka-server] [a-EvictionTimer] c.n.e.registry.AbstractInstanceRegistry  : Running the evict task with compensationTime 11ms
2026-09-09T03:04:37.105+05:30  INFO 18364 --- [eureka-server] [a-EvictionTimer] c.n.e.registry.AbstractInstanceRegistry  : Running the evict task with compensationTime 3ms
2026-09-09T03:05:33.102+05:30  INFO 18364 --- [eureka-server] [hresholdUpdater] c.n.e.r.PeerAwareInstanceRegistryImpl    : Current renewal threshold is : 13
2026-09-09T03:05:33.118+05:30  WARN 18364 --- [eureka-server] [eerNodesUpdater] c.n.eureka.cluster.PeerEurekaNodes       : The replica size seems to be empty. Check the route 53 DNS Registry
2026-09-09T03:05:37.111+05:30  INFO 18364 --- [eureka-server] [a-EvictionTimer] c.n.e.registry.AbstractInstanceRegistry  : Running the evict task with compensationTime 5ms
2026-09-09T03:06:37.121+05:30  INFO 18364 --- [eureka-server] [a-EvictionTimer] c.n.e.registry.AbstractInstanceRegistry  : Running the evict task with compensationTime 9ms
2026-09-09T03:07:37.134+05:30  INFO 18364 --- [eureka-server] [a-EvictionTimer] c.n.e.registry.AbstractInstanceRegistry  : Running the evict task with compensationTime 13ms
2026-09-09T03:08:37.149+05:30  INFO 18364 --- [eureka-server] [a-EvictionTimer] c.n.e.registry.AbstractInstanceRegistry  : Running the evict task with compensationTime 14ms
2026-09-09T03:09:37.155+05:30  INFO 18364 --- [eureka-server] [a-EvictionTimer] c.n.e.registry.AbstractInstanceRegistry  : Running the evict task with compensationTime 6ms
2026-09-09T03:10:37.166+05:30  INFO 18364 --- [eureka-server] [a-EvictionTimer] c.n.e.registry.AbstractInstanceRegistry  : Running the evict task with compensationTime 10ms
2026-09-09T03:11:37.167+05:30  INFO 18364 --- [eureka-server] [a-EvictionTimer] c.n.e.registry.AbstractInstanceRegistry  : Running the evict task with compensationTime 1ms
2026-09-09T03:12:37.172+05:30  INFO 18364 --- [eureka-server] [a-EvictionTimer] c.n.e.registry.AbstractInstanceRegistry  : Running the evict task with compensationTime 4ms
2026-09-09T03:13:37.185+05:30  INFO 18364 --- [eureka-server] [a-EvictionTimer] c.n.e.registry.AbstractInstanceRegistry  : Running the evict task with compensationTime 13ms
2026-09-09T03:14:37.188+05:30  INFO 18364 --- [eureka-server] [a-EvictionTimer] c.n.e.registry.AbstractInstanceRegistry  : Running the evict task with compensationTime 2ms
2026-09-09T03:15:33.132+05:30  WARN 18364 --- [eureka-server] [eerNodesUpdater] c.n.eureka.cluster.PeerEurekaNodes       : The replica size seems to be empty. Check the route 53 DNS Registry
2026-09-09T03:15:37.190+05:30  INFO 18364 --- [eureka-server] [a-EvictionTimer] c.n.e.registry.AbstractInstanceRegistry  : Running the evict task with compensationTime 1ms
2026-09-09T03:16:37.196+05:30  INFO 18364 --- [eureka-server] [a-EvictionTimer] c.n.e.registry.AbstractInstanceRegistry  : Running the evict task with compensationTime 6ms
2026-09-09T03:17:37.205+05:30  INFO 18364 --- [eureka-server] [a-EvictionTimer] c.n.e.registry.AbstractInstanceRegistry  : Running the evict task with compensationTime 8ms
2026-09-09T03:18:37.220+05:30  INFO 18364 --- [eureka-server] [a-EvictionTimer] c.n.e.registry.AbstractInstanceRegistry  : Running the evict task with compensationTime 14ms
2026-09-09T03:19:37.225+05:30  INFO 18364 --- [eureka-server] [a-EvictionTimer] c.n.e.registry.AbstractInstanceRegistry  : Running the evict task with compensationTime 5ms
2026-09-09T03:20:33.118+05:30  INFO 18364 --- [eureka-server] [hresholdUpdater] c.n.e.r.PeerAwareInstanceRegistryImpl    : Current renewal threshold is : 13
2026-09-09T03:20:37.235+05:30  INFO 18364 --- [eureka-server] [a-EvictionTimer] c.n.e.registry.AbstractInstanceRegistry  : Running the evict task with compensationTime 9ms
2026-09-09T03:21:37.235+05:30  INFO 18364 --- [eureka-server] [a-EvictionTimer] c.n.e.registry.AbstractInstanceRegistry  : Running the evict task with compensationTime 0ms
2026-09-09T03:22:37.250+05:30  INFO 18364 --- [eureka-server] [a-EvictionTimer] c.n.e.registry.AbstractInstanceRegistry  : Running the evict task with compensationTime 14ms
2026-09-09T03:23:37.253+05:30  INFO 18364 --- [eureka-server] [a-EvictionTimer] c.n.e.registry.AbstractInstanceRegistry  : Running the evict task with compensationTime 3ms
2026-09-09T03:24:37.257+05:30  INFO 18364 --- [eureka-server] [a-EvictionTimer] c.n.e.registry.AbstractInstanceRegistry  : Running the evict task with compensationTime 3ms
2026-09-09T03:25:33.143+05:30  WARN 18364 --- [eureka-server] [eerNodesUpdater] c.n.eureka.cluster.PeerEurekaNodes       : The replica size seems to be empty. Check the route 53 DNS Registry
2026-09-09T03:25:37.271+05:30  INFO 18364 --- [eureka-server] [a-EvictionTimer] c.n.e.registry.AbstractInstanceRegistry  : Running the evict task with compensationTime 13ms
2026-09-09T03:26:37.281+05:30  INFO 18364 --- [eureka-server] [a-EvictionTimer] c.n.e.registry.AbstractInstanceRegistry  : Running the evict task with compensationTime 10ms
2026-09-09T03:27:37.295+05:30  INFO 18364 --- [eureka-server] [a-EvictionTimer] c.n.e.registry.AbstractInstanceRegistry  : Running the evict task with compensationTime 13ms
2026-09-09T03:28:37.308+05:30  INFO 18364 --- [eureka-server] [a-EvictionTimer] c.n.e.registry.AbstractInstanceRegistry  : Running the evict task with compensationTime 13ms
2026-09-09T03:29:37.311+05:30  INFO 18364 --- [eureka-server] [a-EvictionTimer] c.n.e.registry.AbstractInstanceRegistry  : Running the evict task with compensationTime 3ms
2026-09-09T03:30:37.314+05:30  INFO 18364 --- [eureka-server] [a-EvictionTimer] c.n.e.registry.AbstractInstanceRegistry  : Running the evict task with compensationTime 2ms
2026-09-09T03:31:37.314+05:30  INFO 18364 --- [eureka-server] [a-EvictionTimer] c.n.e.registry.AbstractInstanceRegistry  : Running the evict task with compensationTime 0ms
2026-09-09T03:32:37.317+05:30  INFO 18364 --- [eureka-server] [a-EvictionTimer] c.n.e.registry.AbstractInstanceRegistry  : Running the evict task with compensationTime 2ms
2026-09-09T03:33:37.320+05:30  INFO 18364 --- [eureka-server] [a-EvictionTimer] c.n.e.registry.AbstractInstanceRegistry  : Running the evict task with compensationTime 3ms
2026-09-09T03:34:37.330+05:30  INFO 18364 --- [eureka-server] [a-EvictionTimer] c.n.e.registry.AbstractInstanceRegistry  : Running the evict task with compensationTime 9ms
2026-09-09T03:35:33.131+05:30  INFO 18364 --- [eureka-server] [hresholdUpdater] c.n.e.r.PeerAwareInstanceRegistryImpl    : Current renewal threshold is : 13
2026-09-09T03:35:33.147+05:30  WARN 18364 --- [eureka-server] [eerNodesUpdater] c.n.eureka.cluster.PeerEurekaNodes       : The replica size seems to be empty. Check the route 53 DNS Registry
2026-09-09T03:35:37.340+05:30  INFO 18364 --- [eureka-server] [a-EvictionTimer] c.n.e.registry.AbstractInstanceRegistry  : Running the evict task with compensationTime 10ms
2026-09-09T03:36:37.354+05:30  INFO 18364 --- [eureka-server] [a-EvictionTimer] c.n.e.registry.AbstractInstanceRegistry  : Running the evict task with compensationTime 13ms
2026-09-09T03:37:37.355+05:30  INFO 18364 --- [eureka-server] [a-EvictionTimer] c.n.e.registry.AbstractInstanceRegistry  : Running the evict task with compensationTime 0ms
2026-09-09T03:38:37.364+05:30  INFO 18364 --- [eureka-server] [a-EvictionTimer] c.n.e.registry.AbstractInstanceRegistry  : Running the evict task with compensationTime 9ms
2026-09-09T03:39:37.365+05:30  INFO 18364 --- [eureka-server] [a-EvictionTimer] c.n.e.registry.AbstractInstanceRegistry  : Running the evict task with compensationTime 1ms
2026-09-09T03:40:37.375+05:30  INFO 18364 --- [eureka-server] [a-EvictionTimer] c.n.e.registry.AbstractInstanceRegistry  : Running the evict task with compensationTime 9ms
2026-09-09T03:41:37.387+05:30  INFO 18364 --- [eureka-server] [a-EvictionTimer] c.n.e.registry.AbstractInstanceRegistry  : Running the evict task with compensationTime 12ms
2026-09-09T03:42:37.401+05:30  INFO 18364 --- [eureka-server] [a-EvictionTimer] c.n.e.registry.AbstractInstanceRegistry  : Running the evict task with compensationTime 13ms
2026-09-09T03:43:37.408+05:30  INFO 18364 --- [eureka-server] [a-EvictionTimer] c.n.e.registry.AbstractInstanceRegistry  : Running the evict task with compensationTime 6ms
2026-09-09T03:44:37.421+05:30  INFO 18364 --- [eureka-server] [a-EvictionTimer] c.n.e.registry.AbstractInstanceRegistry  : Running the evict task with compensationTime 13ms
2026-09-09T03:45:33.163+05:30  WARN 18364 --- [eureka-server] [eerNodesUpdater] c.n.eureka.cluster.PeerEurekaNodes       : The replica size seems to be empty. Check the route 53 DNS Registry
2026-09-09T03:45:37.436+05:30  INFO 18364 --- [eureka-server] [a-EvictionTimer] c.n.e.registry.AbstractInstanceRegistry  : Running the evict task with compensationTime 14ms
2026-09-09T03:46:37.438+05:30  INFO 18364 --- [eureka-server] [a-EvictionTimer] c.n.e.registry.AbstractInstanceRegistry  : Running the evict task with compensationTime 2ms
2026-09-09T03:47:37.447+05:30  INFO 18364 --- [eureka-server] [a-EvictionTimer] c.n.e.registry.AbstractInstanceRegistry  : Running the evict task with compensationTime 9ms
2026-09-09T03:48:37.454+05:30  INFO 18364 --- [eureka-server] [a-EvictionTimer] c.n.e.registry.AbstractInstanceRegistry  : Running the evict task with compensationTime 6ms
2026-09-09T03:49:37.463+05:30  INFO 18364 --- [eureka-server] [a-EvictionTimer] c.n.e.registry.AbstractInstanceRegistry  : Running the evict task with compensationTime 8ms
2026-09-09T03:50:33.144+05:30  INFO 18364 --- [eureka-server] [hresholdUpdater] c.n.e.r.PeerAwareInstanceRegistryImpl    : Current renewal threshold is : 13
2026-09-09T03:50:37.471+05:30  INFO 18364 --- [eureka-server] [a-EvictionTimer] c.n.e.registry.AbstractInstanceRegistry  : Running the evict task with compensationTime 7ms
2026-09-09T03:51:37.482+05:30  INFO 18364 --- [eureka-server] [a-EvictionTimer] c.n.e.registry.AbstractInstanceRegistry  : Running the evict task with compensationTime 10ms
2026-09-09T03:52:37.493+05:30  INFO 18364 --- [eureka-server] [a-EvictionTimer] c.n.e.registry.AbstractInstanceRegistry  : Running the evict task with compensationTime 11ms
2026-09-09T03:53:37.500+05:30  INFO 18364 --- [eureka-server] [a-EvictionTimer] c.n.e.registry.AbstractInstanceRegistry  : Running the evict task with compensationTime 6ms
2026-09-09T03:54:37.506+05:30  INFO 18364 --- [eureka-server] [a-EvictionTimer] c.n.e.registry.AbstractInstanceRegistry  : Running the evict task with compensationTime 6ms
2026-09-09T03:55:33.168+05:30  WARN 18364 --- [eureka-server] [eerNodesUpdater] c.n.eureka.cluster.PeerEurekaNodes       : The replica size seems to be empty. Check the route 53 DNS Registry
2026-09-09T03:55:37.519+05:30  INFO 18364 --- [eureka-server] [a-EvictionTimer] c.n.e.registry.AbstractInstanceRegistry  : Running the evict task with compensationTime 13ms
2026-09-09T03:56:37.533+05:30  INFO 18364 --- [eureka-server] [a-EvictionTimer] c.n.e.registry.AbstractInstanceRegistry  : Running the evict task with compensationTime 12ms
2026-09-09T03:57:37.537+05:30  INFO 18364 --- [eureka-server] [a-EvictionTimer] c.n.e.registry.AbstractInstanceRegistry  : Running the evict task with compensationTime 4ms
2026-09-09T03:58:37.549+05:30  INFO 18364 --- [eureka-server] [a-EvictionTimer] c.n.e.registry.AbstractInstanceRegistry  : Running the evict task with compensationTime 12ms
2026-09-09T03:59:37.556+05:30  INFO 18364 --- [eureka-server] [a-EvictionTimer] c.n.e.registry.AbstractInstanceRegistry  : Running the evict task with compensationTime 6ms
2026-09-09T04:00:37.569+05:30  INFO 18364 --- [eureka-server] [a-EvictionTimer] c.n.e.registry.AbstractInstanceRegistry  : Running the evict task with compensationTime 12ms
2026-09-09T04:01:37.573+05:30  INFO 18364 --- [eureka-server] [a-EvictionTimer] c.n.e.registry.AbstractInstanceRegistry  : Running the evict task with compensationTime 4ms
2026-09-09T04:02:37.582+05:30  INFO 18364 --- [eureka-server] [a-EvictionTimer] c.n.e.registry.AbstractInstanceRegistry  : Running the evict task with compensationTime 9ms
2026-09-09T04:03:37.583+05:30  INFO 18364 --- [eureka-server] [a-EvictionTimer] c.n.e.registry.AbstractInstanceRegistry  : Running the evict task with compensationTime 0ms
2026-09-09T04:04:37.586+05:30  INFO 18364 --- [eureka-server] [a-EvictionTimer] c.n.e.registry.AbstractInstanceRegistry  : Running the evict task with compensationTime 3ms
2026-09-09T04:05:33.153+05:30  INFO 18364 --- [eureka-server] [hresholdUpdater] c.n.e.r.PeerAwareInstanceRegistryImpl    : Current renewal threshold is : 13
2026-09-09T04:05:33.185+05:30  WARN 18364 --- [eureka-server] [eerNodesUpdater] c.n.eureka.cluster.PeerEurekaNodes       : The replica size seems to be empty. Check the route 53 DNS Registry
2026-09-09T04:05:37.596+05:30  INFO 18364 --- [eureka-server] [a-EvictionTimer] c.n.e.registry.AbstractInstanceRegistry  : Running the evict task with compensationTime 10ms
2026-09-09T04:06:37.601+05:30  INFO 18364 --- [eureka-server] [a-EvictionTimer] c.n.e.registry.AbstractInstanceRegistry  : Running the evict task with compensationTime 4ms
2026-09-09T04:07:37.608+05:30  INFO 18364 --- [eureka-server] [a-EvictionTimer] c.n.e.registry.AbstractInstanceRegistry  : Running the evict task with compensationTime 5ms
2026-09-09T04:08:37.609+05:30  INFO 18364 --- [eureka-server] [a-EvictionTimer] c.n.e.registry.AbstractInstanceRegistry  : Running the evict task with compensationTime 1ms
2026-09-09T04:09:37.618+05:30  INFO 18364 --- [eureka-server] [a-EvictionTimer] c.n.e.registry.AbstractInstanceRegistry  : Running the evict task with compensationTime 8ms
2026-09-09T04:10:37.630+05:30  INFO 18364 --- [eureka-server] [a-EvictionTimer] c.n.e.registry.AbstractInstanceRegistry  : Running the evict task with compensationTime 11ms
2026-09-09T04:11:37.634+05:30  INFO 18364 --- [eureka-server] [a-EvictionTimer] c.n.e.registry.AbstractInstanceRegistry  : Running the evict task with compensationTime 3ms
2026-09-09T04:12:37.642+05:30  INFO 18364 --- [eureka-server] [a-EvictionTimer] c.n.e.registry.AbstractInstanceRegistry  : Running the evict task with compensationTime 8ms
2026-09-09T04:13:37.650+05:30  INFO 18364 --- [eureka-server] [a-EvictionTimer] c.n.e.registry.AbstractInstanceRegistry  : Running the evict task with compensationTime 7ms
2026-09-09T04:14:37.660+05:30  INFO 18364 --- [eureka-server] [a-EvictionTimer] c.n.e.registry.AbstractInstanceRegistry  : Running the evict task with compensationTime 10ms
2026-09-09T04:15:33.194+05:30  WARN 18364 --- [eureka-server] [eerNodesUpdater] c.n.eureka.cluster.PeerEurekaNodes       : The replica size seems to be empty. Check the route 53 DNS Registry
2026-09-09T04:15:37.674+05:30  INFO 18364 --- [eureka-server] [a-EvictionTimer] c.n.e.registry.AbstractInstanceRegistry  : Running the evict task with compensationTime 13ms
2026-09-09T04:16:37.678+05:30  INFO 18364 --- [eureka-server] [a-EvictionTimer] c.n.e.registry.AbstractInstanceRegistry  : Running the evict task with compensationTime 3ms
2026-09-09T04:17:37.685+05:30  INFO 18364 --- [eureka-server] [a-EvictionTimer] c.n.e.registry.AbstractInstanceRegistry  : Running the evict task with compensationTime 6ms
2026-09-09T04:18:37.692+05:30  INFO 18364 --- [eureka-server] [a-EvictionTimer] c.n.e.registry.AbstractInstanceRegistry  : Running the evict task with compensationTime 7ms
2026-09-09T04:19:37.707+05:30  INFO 18364 --- [eureka-server] [a-EvictionTimer] c.n.e.registry.AbstractInstanceRegistry  : Running the evict task with compensationTime 14ms
2026-09-09T04:20:33.156+05:30  INFO 18364 --- [eureka-server] [hresholdUpdater] c.n.e.r.PeerAwareInstanceRegistryImpl    : Current renewal threshold is : 13
2026-09-09T04:20:37.713+05:30  INFO 18364 --- [eureka-server] [a-EvictionTimer] c.n.e.registry.AbstractInstanceRegistry  : Running the evict task with compensationTime 5ms
2026-09-09T04:21:37.723+05:30  INFO 18364 --- [eureka-server] [a-EvictionTimer] c.n.e.registry.AbstractInstanceRegistry  : Running the evict task with compensationTime 10ms
2026-09-09T04:22:37.726+05:30  INFO 18364 --- [eureka-server] [a-EvictionTimer] c.n.e.registry.AbstractInstanceRegistry  : Running the evict task with compensationTime 1ms
2026-09-09T04:23:37.739+05:30  INFO 18364 --- [eureka-server] [a-EvictionTimer] c.n.e.registry.AbstractInstanceRegistry  : Running the evict task with compensationTime 12ms
2026-09-09T04:24:37.752+05:30  INFO 18364 --- [eureka-server] [a-EvictionTimer] c.n.e.registry.AbstractInstanceRegistry  : Running the evict task with compensationTime 13ms
2026-09-09T04:25:33.202+05:30  WARN 18364 --- [eureka-server] [eerNodesUpdater] c.n.eureka.cluster.PeerEurekaNodes       : The replica size seems to be empty. Check the route 53 DNS Registry
2026-09-09T04:25:37.765+05:30  INFO 18364 --- [eureka-server] [a-EvictionTimer] c.n.e.registry.AbstractInstanceRegistry  : Running the evict task with compensationTime 12ms
2026-09-09T04:26:37.768+05:30  INFO 18364 --- [eureka-server] [a-EvictionTimer] c.n.e.registry.AbstractInstanceRegistry  : Running the evict task with compensationTime 3ms
2026-09-09T04:27:37.776+05:30  INFO 18364 --- [eureka-server] [a-EvictionTimer] c.n.e.registry.AbstractInstanceRegistry  : Running the evict task with compensationTime 8ms
2026-09-09T04:28:37.784+05:30  INFO 18364 --- [eureka-server] [a-EvictionTimer] c.n.e.registry.AbstractInstanceRegistry  : Running the evict task with compensationTime 7ms
2026-09-09T04:29:37.789+05:30  INFO 18364 --- [eureka-server] [a-EvictionTimer] c.n.e.registry.AbstractInstanceRegistry  : Running the evict task with compensationTime 5ms
2026-09-09T04:30:37.795+05:30  INFO 18364 --- [eureka-server] [a-EvictionTimer] c.n.e.registry.AbstractInstanceRegistry  : Running the evict task with compensationTime 5ms
2026-09-09T04:31:37.804+05:30  INFO 18364 --- [eureka-server] [a-EvictionTimer] c.n.e.registry.AbstractInstanceRegistry  : Running the evict task with compensationTime 9ms
2026-09-09T04:32:37.806+05:30  INFO 18364 --- [eureka-server] [a-EvictionTimer] c.n.e.registry.AbstractInstanceRegistry  : Running the evict task with compensationTime 1ms
2026-09-09T04:33:37.821+05:30  INFO 18364 --- [eureka-server] [a-EvictionTimer] c.n.e.registry.AbstractInstanceRegistry  : Running the evict task with compensationTime 14ms
2026-09-09T04:34:37.822+05:30  INFO 18364 --- [eureka-server] [a-EvictionTimer] c.n.e.registry.AbstractInstanceRegistry  : Running the evict task with compensationTime 1ms
2026-09-09T04:35:33.161+05:30  INFO 18364 --- [eureka-server] [hresholdUpdater] c.n.e.r.PeerAwareInstanceRegistryImpl    : Current renewal threshold is : 13
2026-09-09T04:35:33.208+05:30  WARN 18364 --- [eureka-server] [eerNodesUpdater] c.n.eureka.cluster.PeerEurekaNodes       : The replica size seems to be empty. Check the route 53 DNS Registry
2026-09-09T04:35:37.833+05:30  INFO 18364 --- [eureka-server] [a-EvictionTimer] c.n.e.registry.AbstractInstanceRegistry  : Running the evict task with compensationTime 10ms
2026-09-09T04:36:37.839+05:30  INFO 18364 --- [eureka-server] [a-EvictionTimer] c.n.e.registry.AbstractInstanceRegistry  : Running the evict task with compensationTime 6ms
2026-09-09T04:37:37.841+05:30  INFO 18364 --- [eureka-server] [a-EvictionTimer] c.n.e.registry.AbstractInstanceRegistry  : Running the evict task with compensationTime 2ms
2026-09-09T04:38:37.851+05:30  INFO 18364 --- [eureka-server] [a-EvictionTimer] c.n.e.registry.AbstractInstanceRegistry  : Running the evict task with compensationTime 9ms
2026-09-09T04:39:37.852+05:30  INFO 18364 --- [eureka-server] [a-EvictionTimer] c.n.e.registry.AbstractInstanceRegistry  : Running the evict task with compensationTime 1ms
2026-09-09T04:40:37.864+05:30  INFO 18364 --- [eureka-server] [a-EvictionTimer] c.n.e.registry.AbstractInstanceRegistry  : Running the evict task with compensationTime 12ms
2026-09-09T04:41:37.871+05:30  INFO 18364 --- [eureka-server] [a-EvictionTimer] c.n.e.registry.AbstractInstanceRegistry  : Running the evict task with compensationTime 6ms
2026-09-09T04:42:37.876+05:30  INFO 18364 --- [eureka-server] [a-EvictionTimer] c.n.e.registry.AbstractInstanceRegistry  : Running the evict task with compensationTime 5ms
2026-09-09T04:43:37.884+05:30  INFO 18364 --- [eureka-server] [a-EvictionTimer] c.n.e.registry.AbstractInstanceRegistry  : Running the evict task with compensationTime 8ms
2026-09-09T04:44:37.900+05:30  INFO 18364 --- [eureka-server] [a-EvictionTimer] c.n.e.registry.AbstractInstanceRegistry  : Running the evict task with compensationTime 15ms
2026-09-09T04:45:33.223+05:30  WARN 18364 --- [eureka-server] [eerNodesUpdater] c.n.eureka.cluster.PeerEurekaNodes       : The replica size seems to be empty. Check the route 53 DNS Registry
2026-09-09T04:45:37.902+05:30  INFO 18364 --- [eureka-server] [a-EvictionTimer] c.n.e.registry.AbstractInstanceRegistry  : Running the evict task with compensationTime 2ms
2026-09-09T04:46:37.916+05:30  INFO 18364 --- [eureka-server] [a-EvictionTimer] c.n.e.registry.AbstractInstanceRegistry  : Running the evict task with compensationTime 14ms
2026-09-09T04:47:37.931+05:30  INFO 18364 --- [eureka-server] [a-EvictionTimer] c.n.e.registry.AbstractInstanceRegistry  : Running the evict task with compensationTime 15ms
2026-09-09T04:48:37.939+05:30  INFO 18364 --- [eureka-server] [a-EvictionTimer] c.n.e.registry.AbstractInstanceRegistry  : Running the evict task with compensationTime 7ms
2026-09-09T04:49:37.942+05:30  INFO 18364 --- [eureka-server] [a-EvictionTimer] c.n.e.registry.AbstractInstanceRegistry  : Running the evict task with compensationTime 2ms
2026-09-09T04:50:33.171+05:30  INFO 18364 --- [eureka-server] [hresholdUpdater] c.n.e.r.PeerAwareInstanceRegistryImpl    : Current renewal threshold is : 13
2026-09-09T04:50:37.956+05:30  INFO 18364 --- [eureka-server] [a-EvictionTimer] c.n.e.registry.AbstractInstanceRegistry  : Running the evict task with compensationTime 14ms
2026-09-09T04:51:37.962+05:30  INFO 18364 --- [eureka-server] [a-EvictionTimer] c.n.e.registry.AbstractInstanceRegistry  : Running the evict task with compensationTime 5ms
2026-09-09T04:52:37.964+05:30  INFO 18364 --- [eureka-server] [a-EvictionTimer] c.n.e.registry.AbstractInstanceRegistry  : Running the evict task with compensationTime 2ms
2026-09-09T04:53:37.972+05:30  INFO 18364 --- [eureka-server] [a-EvictionTimer] c.n.e.registry.AbstractInstanceRegistry  : Running the evict task with compensationTime 7ms
2026-09-09T04:54:37.975+05:30  INFO 18364 --- [eureka-server] [a-EvictionTimer] c.n.e.registry.AbstractInstanceRegistry  : Running the evict task with compensationTime 2ms
2026-09-09T04:55:33.227+05:30  WARN 18364 --- [eureka-server] [eerNodesUpdater] c.n.eureka.cluster.PeerEurekaNodes       : The replica size seems to be empty. Check the route 53 DNS Registry
2026-09-09T04:55:37.981+05:30  INFO 18364 --- [eureka-server] [a-EvictionTimer] c.n.e.registry.AbstractInstanceRegistry  : Running the evict task with compensationTime 6ms
2026-09-09T04:56:37.993+05:30  INFO 18364 --- [eureka-server] [a-EvictionTimer] c.n.e.registry.AbstractInstanceRegistry  : Running the evict task with compensationTime 12ms
2026-09-09T04:57:37.994+05:30  INFO 18364 --- [eureka-server] [a-EvictionTimer] c.n.e.registry.AbstractInstanceRegistry  : Running the evict task with compensationTime 1ms
2026-09-09T04:58:38.006+05:30  INFO 18364 --- [eureka-server] [a-EvictionTimer] c.n.e.registry.AbstractInstanceRegistry  : Running the evict task with compensationTime 12ms
2026-09-09T04:59:38.022+05:30  INFO 18364 --- [eureka-server] [a-EvictionTimer] c.n.e.registry.AbstractInstanceRegistry  : Running the evict task with compensationTime 16ms
2026-09-09T05:00:38.023+05:30  INFO 18364 --- [eureka-server] [a-EvictionTimer] c.n.e.registry.AbstractInstanceRegistry  : Running the evict task with compensationTime 0ms
2026-09-09T05:01:38.029+05:30  INFO 18364 --- [eureka-server] [a-EvictionTimer] c.n.e.registry.AbstractInstanceRegistry  : Running the evict task with compensationTime 6ms
2026-09-09T05:02:38.040+05:30  INFO 18364 --- [eureka-server] [a-EvictionTimer] c.n.e.registry.AbstractInstanceRegistry  : Running the evict task with compensationTime 11ms
2026-09-09T05:03:38.049+05:30  INFO 18364 --- [eureka-server] [a-EvictionTimer] c.n.e.registry.AbstractInstanceRegistry  : Running the evict task with compensationTime 8ms
2026-09-09T05:04:38.061+05:30  INFO 18364 --- [eureka-server] [a-EvictionTimer] c.n.e.registry.AbstractInstanceRegistry  : Running the evict task with compensationTime 11ms
2026-09-09T05:05:33.187+05:30  INFO 18364 --- [eureka-server] [hresholdUpdater] c.n.e.r.PeerAwareInstanceRegistryImpl    : Current renewal threshold is : 13
2026-09-09T05:05:33.234+05:30  WARN 18364 --- [eureka-server] [eerNodesUpdater] c.n.eureka.cluster.PeerEurekaNodes       : The replica size seems to be empty. Check the route 53 DNS Registry
2026-09-09T05:05:38.073+05:30  INFO 18364 --- [eureka-server] [a-EvictionTimer] c.n.e.registry.AbstractInstanceRegistry  : Running the evict task with compensationTime 11ms
2026-09-09T05:06:38.075+05:30  INFO 18364 --- [eureka-server] [a-EvictionTimer] c.n.e.registry.AbstractInstanceRegistry  : Running the evict task with compensationTime 2ms
2026-09-09T05:07:38.076+05:30  INFO 18364 --- [eureka-server] [a-EvictionTimer] c.n.e.registry.AbstractInstanceRegistry  : Running the evict task with compensationTime 1ms
2026-09-09T05:08:38.083+05:30  INFO 18364 --- [eureka-server] [a-EvictionTimer] c.n.e.registry.AbstractInstanceRegistry  : Running the evict task with compensationTime 7ms
2026-09-09T05:09:38.090+05:30  INFO 18364 --- [eureka-server] [a-EvictionTimer] c.n.e.registry.AbstractInstanceRegistry  : Running the evict task with compensationTime 6ms
2026-09-09T05:10:38.093+05:30  INFO 18364 --- [eureka-server] [a-EvictionTimer] c.n.e.registry.AbstractInstanceRegistry  : Running the evict task with compensationTime 3ms
2026-09-09T05:11:38.109+05:30  INFO 18364 --- [eureka-server] [a-EvictionTimer] c.n.e.registry.AbstractInstanceRegistry  : Running the evict task with compensationTime 15ms
2026-09-09T05:12:38.122+05:30  INFO 18364 --- [eureka-server] [a-EvictionTimer] c.n.e.registry.AbstractInstanceRegistry  : Running the evict task with compensationTime 13ms
2026-09-09T05:13:38.132+05:30  INFO 18364 --- [eureka-server] [a-EvictionTimer] c.n.e.registry.AbstractInstanceRegistry  : Running the evict task with compensationTime 10ms
2026-09-09T05:14:38.135+05:30  INFO 18364 --- [eureka-server] [a-EvictionTimer] c.n.e.registry.AbstractInstanceRegistry  : Running the evict task with compensationTime 2ms
2026-09-09T05:15:33.243+05:30  WARN 18364 --- [eureka-server] [eerNodesUpdater] c.n.eureka.cluster.PeerEurekaNodes       : The replica size seems to be empty. Check the route 53 DNS Registry
2026-09-09T05:15:38.139+05:30  INFO 18364 --- [eureka-server] [a-EvictionTimer] c.n.e.registry.AbstractInstanceRegistry  : Running the evict task with compensationTime 3ms
2026-09-09T05:16:38.150+05:30  INFO 18364 --- [eureka-server] [a-EvictionTimer] c.n.e.registry.AbstractInstanceRegistry  : Running the evict task with compensationTime 10ms
2026-09-09T05:17:38.155+05:30  INFO 18364 --- [eureka-server] [a-EvictionTimer] c.n.e.registry.AbstractInstanceRegistry  : Running the evict task with compensationTime 5ms
2026-09-09T05:18:38.169+05:30  INFO 18364 --- [eureka-server] [a-EvictionTimer] c.n.e.registry.AbstractInstanceRegistry  : Running the evict task with compensationTime 14ms
2026-09-09T05:19:38.182+05:30  INFO 18364 --- [eureka-server] [a-EvictionTimer] c.n.e.registry.AbstractInstanceRegistry  : Running the evict task with compensationTime 12ms
2026-09-09T05:20:33.203+05:30  INFO 18364 --- [eureka-server] [hresholdUpdater] c.n.e.r.PeerAwareInstanceRegistryImpl    : Current renewal threshold is : 13
2026-09-09T05:20:38.190+05:30  INFO 18364 --- [eureka-server] [a-EvictionTimer] c.n.e.registry.AbstractInstanceRegistry  : Running the evict task with compensationTime 8ms
2026-09-09T05:21:38.204+05:30  INFO 18364 --- [eureka-server] [a-EvictionTimer] c.n.e.registry.AbstractInstanceRegistry  : Running the evict task with compensationTime 13ms
2026-09-09T05:22:38.218+05:30  INFO 18364 --- [eureka-server] [a-EvictionTimer] c.n.e.registry.AbstractInstanceRegistry  : Running the evict task with compensationTime 13ms
2026-09-09T05:23:38.223+05:30  INFO 18364 --- [eureka-server] [a-EvictionTimer] c.n.e.registry.AbstractInstanceRegistry  : Running the evict task with compensationTime 5ms
2026-09-09T05:24:38.228+05:30  INFO 18364 --- [eureka-server] [a-EvictionTimer] c.n.e.registry.AbstractInstanceRegistry  : Running the evict task with compensationTime 5ms
2026-09-09T05:25:33.260+05:30  WARN 18364 --- [eureka-server] [eerNodesUpdater] c.n.eureka.cluster.PeerEurekaNodes       : The replica size seems to be empty. Check the route 53 DNS Registry
2026-09-09T05:25:38.243+05:30  INFO 18364 --- [eureka-server] [a-EvictionTimer] c.n.e.registry.AbstractInstanceRegistry  : Running the evict task with compensationTime 14ms
2026-09-09T05:26:38.248+05:30  INFO 18364 --- [eureka-server] [a-EvictionTimer] c.n.e.registry.AbstractInstanceRegistry  : Running the evict task with compensationTime 5ms
2026-09-09T05:27:38.253+05:30  INFO 18364 --- [eureka-server] [a-EvictionTimer] c.n.e.registry.AbstractInstanceRegistry  : Running the evict task with compensationTime 4ms
2026-09-09T05:28:38.268+05:30  INFO 18364 --- [eureka-server] [a-EvictionTimer] c.n.e.registry.AbstractInstanceRegistry  : Running the evict task with compensationTime 14ms
2026-09-09T05:29:38.280+05:30  INFO 18364 --- [eureka-server] [a-EvictionTimer] c.n.e.registry.AbstractInstanceRegistry  : Running the evict task with compensationTime 11ms
2026-09-09T05:30:38.292+05:30  INFO 18364 --- [eureka-server] [a-EvictionTimer] c.n.e.registry.AbstractInstanceRegistry  : Running the evict task with compensationTime 12ms
2026-09-09T05:31:38.299+05:30  INFO 18364 --- [eureka-server] [a-EvictionTimer] c.n.e.registry.AbstractInstanceRegistry  : Running the evict task with compensationTime 6ms
2026-09-09T05:32:38.306+05:30  INFO 18364 --- [eureka-server] [a-EvictionTimer] c.n.e.registry.AbstractInstanceRegistry  : Running the evict task with compensationTime 6ms
2026-09-09T05:33:38.311+05:30  INFO 18364 --- [eureka-server] [a-EvictionTimer] c.n.e.registry.AbstractInstanceRegistry  : Running the evict task with compensationTime 5ms
2026-09-09T05:34:38.314+05:30  INFO 18364 --- [eureka-server] [a-EvictionTimer] c.n.e.registry.AbstractInstanceRegistry  : Running the evict task with compensationTime 3ms
2026-09-09T05:35:33.207+05:30  INFO 18364 --- [eureka-server] [hresholdUpdater] c.n.e.r.PeerAwareInstanceRegistryImpl    : Current renewal threshold is : 13
2026-09-09T05:35:33.269+05:30  WARN 18364 --- [eureka-server] [eerNodesUpdater] c.n.eureka.cluster.PeerEurekaNodes       : The replica size seems to be empty. Check the route 53 DNS Registry
2026-09-09T05:35:38.322+05:30  INFO 18364 --- [eureka-server] [a-EvictionTimer] c.n.e.registry.AbstractInstanceRegistry  : Running the evict task with compensationTime 7ms
2026-09-09T05:36:38.333+05:30  INFO 18364 --- [eureka-server] [a-EvictionTimer] c.n.e.registry.AbstractInstanceRegistry  : Running the evict task with compensationTime 11ms
2026-09-09T05:37:38.334+05:30  INFO 18364 --- [eureka-server] [a-EvictionTimer] c.n.e.registry.AbstractInstanceRegistry  : Running the evict task with compensationTime 0ms
2026-09-09T05:38:38.340+05:30  INFO 18364 --- [eureka-server] [a-EvictionTimer] c.n.e.registry.AbstractInstanceRegistry  : Running the evict task with compensationTime 5ms
2026-09-09T05:39:38.346+05:30  INFO 18364 --- [eureka-server] [a-EvictionTimer] c.n.e.registry.AbstractInstanceRegistry  : Running the evict task with compensationTime 5ms
2026-09-09T05:40:38.355+05:30  INFO 18364 --- [eureka-server] [a-EvictionTimer] c.n.e.registry.AbstractInstanceRegistry  : Running the evict task with compensationTime 9ms
2026-09-09T05:41:38.363+05:30  INFO 18364 --- [eureka-server] [a-EvictionTimer] c.n.e.registry.AbstractInstanceRegistry  : Running the evict task with compensationTime 7ms
2026-09-09T05:42:38.370+05:30  INFO 18364 --- [eureka-server] [a-EvictionTimer] c.n.e.registry.AbstractInstanceRegistry  : Running the evict task with compensationTime 7ms
2026-09-09T05:43:38.384+05:30  INFO 18364 --- [eureka-server] [a-EvictionTimer] c.n.e.registry.AbstractInstanceRegistry  : Running the evict task with compensationTime 14ms
2026-09-09T05:44:38.388+05:30  INFO 18364 --- [eureka-server] [a-EvictionTimer] c.n.e.registry.AbstractInstanceRegistry  : Running the evict task with compensationTime 3ms
2026-09-09T05:45:33.281+05:30  WARN 18364 --- [eureka-server] [eerNodesUpdater] c.n.eureka.cluster.PeerEurekaNodes       : The replica size seems to be empty. Check the route 53 DNS Registry
2026-09-09T05:45:38.402+05:30  INFO 18364 --- [eureka-server] [a-EvictionTimer] c.n.e.registry.AbstractInstanceRegistry  : Running the evict task with compensationTime 14ms
2026-09-09T05:46:38.417+05:30  INFO 18364 --- [eureka-server] [a-EvictionTimer] c.n.e.registry.AbstractInstanceRegistry  : Running the evict task with compensationTime 14ms
2026-09-09T05:47:38.419+05:30  INFO 18364 --- [eureka-server] [a-EvictionTimer] c.n.e.registry.AbstractInstanceRegistry  : Running the evict task with compensationTime 2ms
2026-09-09T05:48:38.425+05:30  INFO 18364 --- [eureka-server] [a-EvictionTimer] c.n.e.registry.AbstractInstanceRegistry  : Running the evict task with compensationTime 5ms
2026-09-09T05:49:38.429+05:30  INFO 18364 --- [eureka-server] [a-EvictionTimer] c.n.e.registry.AbstractInstanceRegistry  : Running the evict task with compensationTime 3ms
2026-09-09T05:50:33.217+05:30  INFO 18364 --- [eureka-server] [hresholdUpdater] c.n.e.r.PeerAwareInstanceRegistryImpl    : Current renewal threshold is : 13
2026-09-09T05:50:38.436+05:30  INFO 18364 --- [eureka-server] [a-EvictionTimer] c.n.e.registry.AbstractInstanceRegistry  : Running the evict task with compensationTime 7ms
2026-09-09T05:51:38.445+05:30  INFO 18364 --- [eureka-server] [a-EvictionTimer] c.n.e.registry.AbstractInstanceRegistry  : Running the evict task with compensationTime 8ms
2026-09-09T05:52:38.458+05:30  INFO 18364 --- [eureka-server] [a-EvictionTimer] c.n.e.registry.AbstractInstanceRegistry  : Running the evict task with compensationTime 13ms
2026-09-09T05:53:38.471+05:30  INFO 18364 --- [eureka-server] [a-EvictionTimer] c.n.e.registry.AbstractInstanceRegistry  : Running the evict task with compensationTime 12ms
2026-09-09T05:54:38.486+05:30  INFO 18364 --- [eureka-server] [a-EvictionTimer] c.n.e.registry.AbstractInstanceRegistry  : Running the evict task with compensationTime 14ms
2026-09-09T05:55:33.289+05:30  WARN 18364 --- [eureka-server] [eerNodesUpdater] c.n.eureka.cluster.PeerEurekaNodes       : The replica size seems to be empty. Check the route 53 DNS Registry
2026-09-09T05:55:38.490+05:30  INFO 18364 --- [eureka-server] [a-EvictionTimer] c.n.e.registry.AbstractInstanceRegistry  : Running the evict task with compensationTime 4ms
2026-09-09T05:56:38.492+05:30  INFO 18364 --- [eureka-server] [a-EvictionTimer] c.n.e.registry.AbstractInstanceRegistry  : Running the evict task with compensationTime 1ms
2026-09-09T05:57:38.501+05:30  INFO 18364 --- [eureka-server] [a-EvictionTimer] c.n.e.registry.AbstractInstanceRegistry  : Running the evict task with compensationTime 8ms
2026-09-09T05:58:38.506+05:30  INFO 18364 --- [eureka-server] [a-EvictionTimer] c.n.e.registry.AbstractInstanceRegistry  : Running the evict task with compensationTime 4ms
2026-09-09T05:59:38.516+05:30  INFO 18364 --- [eureka-server] [a-EvictionTimer] c.n.e.registry.AbstractInstanceRegistry  : Running the evict task with compensationTime 10ms
2026-09-09T06:00:38.520+05:30  INFO 18364 --- [eureka-server] [a-EvictionTimer] c.n.e.registry.AbstractInstanceRegistry  : Running the evict task with compensationTime 3ms
2026-09-09T06:01:38.525+05:30  INFO 18364 --- [eureka-server] [a-EvictionTimer] c.n.e.registry.AbstractInstanceRegistry  : Running the evict task with compensationTime 4ms
2026-09-09T06:02:38.529+05:30  INFO 18364 --- [eureka-server] [a-EvictionTimer] c.n.e.registry.AbstractInstanceRegistry  : Running the evict task with compensationTime 3ms
2026-09-09T06:03:38.535+05:30  INFO 18364 --- [eureka-server] [a-EvictionTimer] c.n.e.registry.AbstractInstanceRegistry  : Running the evict task with compensationTime 5ms
2026-09-09T06:04:38.540+05:30  INFO 18364 --- [eureka-server] [a-EvictionTimer] c.n.e.registry.AbstractInstanceRegistry  : Running the evict task with compensationTime 5ms
2026-09-09T06:05:33.222+05:30  INFO 18364 --- [eureka-server] [hresholdUpdater] c.n.e.r.PeerAwareInstanceRegistryImpl    : Current renewal threshold is : 13
2026-09-09T06:05:33.301+05:30  WARN 18364 --- [eureka-server] [eerNodesUpdater] c.n.eureka.cluster.PeerEurekaNodes       : The replica size seems to be empty. Check the route 53 DNS Registry
2026-09-09T06:05:38.541+05:30  INFO 18364 --- [eureka-server] [a-EvictionTimer] c.n.e.registry.AbstractInstanceRegistry  : Running the evict task with compensationTime 0ms
2026-09-09T06:06:38.544+05:30  INFO 18364 --- [eureka-server] [a-EvictionTimer] c.n.e.registry.AbstractInstanceRegistry  : Running the evict task with compensationTime 2ms
2026-09-09T06:07:38.556+05:30  INFO 18364 --- [eureka-server] [a-EvictionTimer] c.n.e.registry.AbstractInstanceRegistry  : Running the evict task with compensationTime 12ms
2026-09-09T06:08:38.568+05:30  INFO 18364 --- [eureka-server] [a-EvictionTimer] c.n.e.registry.AbstractInstanceRegistry  : Running the evict task with compensationTime 11ms
2026-09-09T06:09:38.582+05:30  INFO 18364 --- [eureka-server] [a-EvictionTimer] c.n.e.registry.AbstractInstanceRegistry  : Running the evict task with compensationTime 14ms
2026-09-09T06:10:38.595+05:30  INFO 18364 --- [eureka-server] [a-EvictionTimer] c.n.e.registry.AbstractInstanceRegistry  : Running the evict task with compensationTime 13ms
2026-09-09T06:11:38.607+05:30  INFO 18364 --- [eureka-server] [a-EvictionTimer] c.n.e.registry.AbstractInstanceRegistry  : Running the evict task with compensationTime 11ms
2026-09-09T06:12:38.620+05:30  INFO 18364 --- [eureka-server] [a-EvictionTimer] c.n.e.registry.AbstractInstanceRegistry  : Running the evict task with compensationTime 11ms
2026-09-09T06:13:38.627+05:30  INFO 18364 --- [eureka-server] [a-EvictionTimer] c.n.e.registry.AbstractInstanceRegistry  : Running the evict task with compensationTime 6ms
2026-09-09T06:14:38.632+05:30  INFO 18364 --- [eureka-server] [a-EvictionTimer] c.n.e.registry.AbstractInstanceRegistry  : Running the evict task with compensationTime 3ms
2026-09-09T06:15:33.310+05:30  WARN 18364 --- [eureka-server] [eerNodesUpdater] c.n.eureka.cluster.PeerEurekaNodes       : The replica size seems to be empty. Check the route 53 DNS Registry
2026-09-09T06:15:38.637+05:30  INFO 18364 --- [eureka-server] [a-EvictionTimer] c.n.e.registry.AbstractInstanceRegistry  : Running the evict task with compensationTime 4ms
2026-09-09T06:16:38.645+05:30  INFO 18364 --- [eureka-server] [a-EvictionTimer] c.n.e.registry.AbstractInstanceRegistry  : Running the evict task with compensationTime 6ms
2026-09-09T06:17:38.648+05:30  INFO 18364 --- [eureka-server] [a-EvictionTimer] c.n.e.registry.AbstractInstanceRegistry  : Running the evict task with compensationTime 1ms
2026-09-09T06:18:38.661+05:30  INFO 18364 --- [eureka-server] [a-EvictionTimer] c.n.e.registry.AbstractInstanceRegistry  : Running the evict task with compensationTime 11ms
2026-09-09T06:19:38.672+05:30  INFO 18364 --- [eureka-server] [a-EvictionTimer] c.n.e.registry.AbstractInstanceRegistry  : Running the evict task with compensationTime 9ms
2026-09-09T06:20:33.247+05:30  INFO 18364 --- [eureka-server] [hresholdUpdater] c.n.e.r.PeerAwareInstanceRegistryImpl    : Current renewal threshold is : 13
2026-09-09T06:20:38.689+05:30  INFO 18364 --- [eureka-server] [a-EvictionTimer] c.n.e.registry.AbstractInstanceRegistry  : Running the evict task with compensationTime 15ms
2026-09-09T06:21:38.697+05:30  INFO 18364 --- [eureka-server] [a-EvictionTimer] c.n.e.registry.AbstractInstanceRegistry  : Running the evict task with compensationTime 6ms
2026-09-09T06:22:38.705+05:30  INFO 18364 --- [eureka-server] [a-EvictionTimer] c.n.e.registry.AbstractInstanceRegistry  : Running the evict task with compensationTime 7ms
2026-09-09T06:23:38.721+05:30  INFO 18364 --- [eureka-server] [a-EvictionTimer] c.n.e.registry.AbstractInstanceRegistry  : Running the evict task with compensationTime 15ms
2026-09-09T06:24:38.726+05:30  INFO 18364 --- [eureka-server] [a-EvictionTimer] c.n.e.registry.AbstractInstanceRegistry  : Running the evict task with compensationTime 3ms
2026-09-09T06:25:33.338+05:30  WARN 18364 --- [eureka-server] [eerNodesUpdater] c.n.eureka.cluster.PeerEurekaNodes       : The replica size seems to be empty. Check the route 53 DNS Registry
2026-09-09T06:25:38.731+05:30  INFO 18364 --- [eureka-server] [a-EvictionTimer] c.n.e.registry.AbstractInstanceRegistry  : Running the evict task with compensationTime 2ms
2026-09-09T06:26:38.735+05:30  INFO 18364 --- [eureka-server] [a-EvictionTimer] c.n.e.registry.AbstractInstanceRegistry  : Running the evict task with compensationTime 3ms
2026-09-09T06:27:38.744+05:30  INFO 18364 --- [eureka-server] [a-EvictionTimer] c.n.e.registry.AbstractInstanceRegistry  : Running the evict task with compensationTime 6ms
2026-09-09T06:28:38.759+05:30  INFO 18364 --- [eureka-server] [a-EvictionTimer] c.n.e.registry.AbstractInstanceRegistry  : Running the evict task with compensationTime 14ms
2026-09-09T06:29:38.760+05:30  INFO 18364 --- [eureka-server] [a-EvictionTimer] c.n.e.registry.AbstractInstanceRegistry  : Running the evict task with compensationTime 0ms
2026-09-09T06:30:38.762+05:30  INFO 18364 --- [eureka-server] [a-EvictionTimer] c.n.e.registry.AbstractInstanceRegistry  : Running the evict task with compensationTime 1ms
2026-09-09T06:31:38.773+05:30  INFO 18364 --- [eureka-server] [a-EvictionTimer] c.n.e.registry.AbstractInstanceRegistry  : Running the evict task with compensationTime 10ms
2026-09-09T06:32:38.789+05:30  INFO 18364 --- [eureka-server] [a-EvictionTimer] c.n.e.registry.AbstractInstanceRegistry  : Running the evict task with compensationTime 15ms
2026-09-09T06:33:38.803+05:30  INFO 18364 --- [eureka-server] [a-EvictionTimer] c.n.e.registry.AbstractInstanceRegistry  : Running the evict task with compensationTime 13ms
2026-09-09T06:34:38.811+05:30  INFO 18364 --- [eureka-server] [a-EvictionTimer] c.n.e.registry.AbstractInstanceRegistry  : Running the evict task with compensationTime 6ms
2026-09-09T06:35:33.278+05:30  INFO 18364 --- [eureka-server] [hresholdUpdater] c.n.e.r.PeerAwareInstanceRegistryImpl    : Current renewal threshold is : 13
2026-09-09T06:35:33.355+05:30  WARN 18364 --- [eureka-server] [eerNodesUpdater] c.n.eureka.cluster.PeerEurekaNodes       : The replica size seems to be empty. Check the route 53 DNS Registry
2026-09-09T06:35:38.817+05:30  INFO 18364 --- [eureka-server] [a-EvictionTimer] c.n.e.registry.AbstractInstanceRegistry  : Running the evict task with compensationTime 4ms
2026-09-09T06:36:38.818+05:30  INFO 18364 --- [eureka-server] [a-EvictionTimer] c.n.e.registry.AbstractInstanceRegistry  : Running the evict task with compensationTime 0ms
2026-09-09T06:37:38.826+05:30  INFO 18364 --- [eureka-server] [a-EvictionTimer] c.n.e.registry.AbstractInstanceRegistry  : Running the evict task with compensationTime 6ms
2026-09-09T06:38:38.827+05:30  INFO 18364 --- [eureka-server] [a-EvictionTimer] c.n.e.registry.AbstractInstanceRegistry  : Running the evict task with compensationTime 0ms
2026-09-09T06:39:38.835+05:30  INFO 18364 --- [eureka-server] [a-EvictionTimer] c.n.e.registry.AbstractInstanceRegistry  : Running the evict task with compensationTime 6ms
2026-09-09T06:40:38.844+05:30  INFO 18364 --- [eureka-server] [a-EvictionTimer] c.n.e.registry.AbstractInstanceRegistry  : Running the evict task with compensationTime 8ms
2026-09-09T06:41:38.860+05:30  INFO 18364 --- [eureka-server] [a-EvictionTimer] c.n.e.registry.AbstractInstanceRegistry  : Running the evict task with compensationTime 14ms
2026-09-09T06:42:38.874+05:30  INFO 18364 --- [eureka-server] [a-EvictionTimer] c.n.e.registry.AbstractInstanceRegistry  : Running the evict task with compensationTime 13ms
2026-09-09T06:43:38.888+05:30  INFO 18364 --- [eureka-server] [a-EvictionTimer] c.n.e.registry.AbstractInstanceRegistry  : Running the evict task with compensationTime 13ms
2026-09-09T06:44:38.897+05:30  INFO 18364 --- [eureka-server] [a-EvictionTimer] c.n.e.registry.AbstractInstanceRegistry  : Running the evict task with compensationTime 7ms
2026-09-09T06:45:33.371+05:30  WARN 18364 --- [eureka-server] [eerNodesUpdater] c.n.eureka.cluster.PeerEurekaNodes       : The replica size seems to be empty. Check the route 53 DNS Registry
2026-09-09T06:45:38.901+05:30  INFO 18364 --- [eureka-server] [a-EvictionTimer] c.n.e.registry.AbstractInstanceRegistry  : Running the evict task with compensationTime 3ms
2026-09-09T06:46:38.905+05:30  INFO 18364 --- [eureka-server] [a-EvictionTimer] c.n.e.registry.AbstractInstanceRegistry  : Running the evict task with compensationTime 3ms
2026-09-09T06:47:38.909+05:30  INFO 18364 --- [eureka-server] [a-EvictionTimer] c.n.e.registry.AbstractInstanceRegistry  : Running the evict task with compensationTime 2ms
2026-09-09T06:48:38.923+05:30  INFO 18364 --- [eureka-server] [a-EvictionTimer] c.n.e.registry.AbstractInstanceRegistry  : Running the evict task with compensationTime 13ms
2026-09-09T06:49:38.938+05:30  INFO 18364 --- [eureka-server] [a-EvictionTimer] c.n.e.registry.AbstractInstanceRegistry  : Running the evict task with compensationTime 14ms
2026-09-09T06:50:33.299+05:30  INFO 18364 --- [eureka-server] [hresholdUpdater] c.n.e.r.PeerAwareInstanceRegistryImpl    : Current renewal threshold is : 13
2026-09-09T06:50:38.942+05:30  INFO 18364 --- [eureka-server] [a-EvictionTimer] c.n.e.registry.AbstractInstanceRegistry  : Running the evict task with compensationTime 3ms
2026-09-09T06:51:38.944+05:30  INFO 18364 --- [eureka-server] [a-EvictionTimer] c.n.e.registry.AbstractInstanceRegistry  : Running the evict task with compensationTime 1ms
2026-09-09T06:52:38.946+05:30  INFO 18364 --- [eureka-server] [a-EvictionTimer] c.n.e.registry.AbstractInstanceRegistry  : Running the evict task with compensationTime 1ms
2026-09-09T06:53:38.947+05:30  INFO 18364 --- [eureka-server] [a-EvictionTimer] c.n.e.registry.AbstractInstanceRegistry  : Running the evict task with compensationTime 0ms
2026-09-09T06:54:38.960+05:30  INFO 18364 --- [eureka-server] [a-EvictionTimer] c.n.e.registry.AbstractInstanceRegistry  : Running the evict task with compensationTime 11ms
2026-09-09T06:55:33.385+05:30  WARN 18364 --- [eureka-server] [eerNodesUpdater] c.n.eureka.cluster.PeerEurekaNodes       : The replica size seems to be empty. Check the route 53 DNS Registry
2026-09-09T06:55:38.963+05:30  INFO 18364 --- [eureka-server] [a-EvictionTimer] c.n.e.registry.AbstractInstanceRegistry  : Running the evict task with compensationTime 2ms
2026-09-09T06:56:38.974+05:30  INFO 18364 --- [eureka-server] [a-EvictionTimer] c.n.e.registry.AbstractInstanceRegistry  : Running the evict task with compensationTime 10ms
2026-09-09T06:57:38.976+05:30  INFO 18364 --- [eureka-server] [a-EvictionTimer] c.n.e.registry.AbstractInstanceRegistry  : Running the evict task with compensationTime 1ms
2026-09-09T06:58:38.978+05:30  INFO 18364 --- [eureka-server] [a-EvictionTimer] c.n.e.registry.AbstractInstanceRegistry  : Running the evict task with compensationTime 1ms
2026-09-09T06:59:38.981+05:30  INFO 18364 --- [eureka-server] [a-EvictionTimer] c.n.e.registry.AbstractInstanceRegistry  : Running the evict task with compensationTime 2ms
2026-09-09T07:00:38.990+05:30  INFO 18364 --- [eureka-server] [a-EvictionTimer] c.n.e.registry.AbstractInstanceRegistry  : Running the evict task with compensationTime 8ms
2026-09-09T07:01:39.005+05:30  INFO 18364 --- [eureka-server] [a-EvictionTimer] c.n.e.registry.AbstractInstanceRegistry  : Running the evict task with compensationTime 14ms
2026-09-09T07:02:39.021+05:30  INFO 18364 --- [eureka-server] [a-EvictionTimer] c.n.e.registry.AbstractInstanceRegistry  : Running the evict task with compensationTime 14ms
2026-09-09T07:03:39.021+05:30  INFO 18364 --- [eureka-server] [a-EvictionTimer] c.n.e.registry.AbstractInstanceRegistry  : Running the evict task with compensationTime 0ms
2026-09-09T07:04:39.030+05:30  INFO 18364 --- [eureka-server] [a-EvictionTimer] c.n.e.registry.AbstractInstanceRegistry  : Running the evict task with compensationTime 7ms
2026-09-09T07:05:33.323+05:30  INFO 18364 --- [eureka-server] [hresholdUpdater] c.n.e.r.PeerAwareInstanceRegistryImpl    : Current renewal threshold is : 13
2026-09-09T07:05:33.401+05:30  WARN 18364 --- [eureka-server] [eerNodesUpdater] c.n.eureka.cluster.PeerEurekaNodes       : The replica size seems to be empty. Check the route 53 DNS Registry
2026-09-09T07:05:39.039+05:30  INFO 18364 --- [eureka-server] [a-EvictionTimer] c.n.e.registry.AbstractInstanceRegistry  : Running the evict task with compensationTime 8ms
2026-09-09T07:06:39.052+05:30  INFO 18364 --- [eureka-server] [a-EvictionTimer] c.n.e.registry.AbstractInstanceRegistry  : Running the evict task with compensationTime 12ms
2026-09-09T07:07:39.064+05:30  INFO 18364 --- [eureka-server] [a-EvictionTimer] c.n.e.registry.AbstractInstanceRegistry  : Running the evict task with compensationTime 12ms
